INSERT INTO person.person (creation_date,last_modified_date,id,"action",age,created_by,email,favorite_color,first_name,last_modified_by,last_name,note) VALUES
('2026-02-16 13:08:59.262283+01','2026-02-16 13:08:59.262283+01','6b8d7e70-800b-4e30-a54d-14cecdaef6ec'::uuid,'CREATED','28','Admin','user1@example.com','blue','John','Admin','Doe','Customer is happy with the service'),
('2026-02-16 13:09:08.510047+01','2026-02-16 13:09:08.510047+01','ddf6b5e9-9448-4e61-8f35-705135bcc6f0'::uuid,'CREATED','35','Admin','user2@example.com','red','Anna','Admin','Smith','Customer charged twice and is very angry'),
('2026-02-16 13:09:17.079497+01','2026-02-16 13:09:17.079497+01','5509d753-a323-44c6-856c-a6e167ec9ae9'::uuid,'CREATED','41','Admin','billing.user@example.com','green','Mark','Admin','Taylor','User reported a billing mistake on last invoice'),
('2026-02-16 13:09:24.110099+01','2026-02-16 13:09:24.110099+01','f26edb6b-6d44-4dda-9548-b8d89e905c77'::uuid,'CREATED','22','Admin','feature.request@example.com','purple','Lisa','Admin','Brown','Customer would like a dark mode feature'),
('2026-02-16 13:09:31.073921+01','2026-02-16 13:09:31.073921+01','08bea83a-c064-4d16-b669-80119411002c'::uuid,'CREATED','50','Admin','support.escalation@example.com','black','Robert','Admin','Miller','Issue unresolved after multiple contacts, needs escalation'),
('2026-02-16 13:09:37.48071+01','2026-02-16 13:09:37.48071+01','c3c954b5-af10-4de7-ba94-d644fa140d24'::uuid,'CREATED','31','Admin','happy.user@example.com','yellow','Emily','Admin','Wilson','Very satisfied with customer support response'),
('2026-02-16 13:09:44.386798+01','2026-02-16 13:09:44.386798+01','1772723a-cfdb-475d-810a-4a1b01f8d5d8'::uuid,'CREATED','27','Admin','account.problem@example.com','orange','Daniel','Admin','Clark','Cannot access account after password reset'),
('2026-02-16 13:09:52.62508+01','2026-02-16 13:09:52.62508+01','88191e83-6696-4b92-a04f-997ba4c6f591'::uuid,'CREATED','34','Admin','payment.fail@example.com','pink','Sophia','Admin','Lopez','Payment failed but amount was deducted'),
('2026-02-16 13:09:58.870178+01','2026-02-16 13:09:58.870178+01','a4b35a8f-5b40-459a-a671-21d33f1c978b'::uuid,'CREATED','45','Admin','delivery.issue@example.com','brown','Michael','Admin','Anderson','Order delivery delayed by more than a week'),
('2026-02-16 13:10:04.790085+01','2026-02-16 13:10:04.790085+01','6c46289d-bdfd-4690-b89c-09e2377cd33f'::uuid,'CREATED','19','Admin','general.query@example.com','white','Olivia','Admin','Martinez','Asking about available subscription plans');

INSERT INTO person.person_note_analysis (analyzed_at,id,person_id,sentiment,topic,model_name)VALUES
('2026-02-16 13:09:02.264317+01','b4778710-005b-410a-aef2-857ccc0f1f02'::uuid,'6b8d7e70-800b-4e30-a54d-14cecdaef6ec'::uuid,'POSITIVE','REFUND|SUPPORT|GENERAL','gemma3:270m'),
('2026-02-16 13:09:10.500337+01','b464738c-e737-45cf-8a37-bb98c8965c3b'::uuid,'ddf6b5e9-9448-4e61-8f35-705135bcc6f0'::uuid,'POSITIVE','REFUND|SUPPORT|GENERAL','gemma3:270m'),
('2026-02-16 13:09:19.135556+01','bc7aa809-8919-44d6-8a7f-1cae17988288'::uuid,'5509d753-a323-44c6-856c-a6e167ec9ae9'::uuid,'POSITIVE','REFUND|SUPPORT|GENERAL','gemma3:270m'),
('2026-02-16 13:09:26.136093+01','2567ff24-d856-478e-9e78-b1c5e870cb31'::uuid,'f26edb6b-6d44-4dda-9548-b8d89e905c77'::uuid,'POSITIVE','REFUND','gemma3:270m'),
('2026-02-16 13:09:33.113097+01','bf828175-eee2-44a1-9ac5-fa81449a1162'::uuid,'08bea83a-c064-4d16-b669-80119411002c'::uuid,'POSITIVE','REFUND|SUPPORT|GENERAL','gemma3:270m'),
('2026-02-16 13:09:39.547408+01','5b906f40-97f2-45f4-9b44-039dc6a9cf25'::uuid,'c3c954b5-af10-4de7-ba94-d644fa140d24'::uuid,'POSITIVE','REFUND|SUPPORT|GENERAL','gemma3:270m'),
('2026-02-16 13:09:46.412289+01','0ff4e6f5-5604-4d90-9dbb-185a956a3168'::uuid,'1772723a-cfdb-475d-810a-4a1b01f8d5d8'::uuid,'POSITIVE','REFUND|SUPPORT|GENERAL','gemma3:270m'),
('2026-02-16 13:09:54.697544+01','c22cb2e2-a50c-4fbf-93bc-e7a028cb6735'::uuid,'88191e83-6696-4b92-a04f-997ba4c6f591'::uuid,'POSITIVE','REFUND|SUPPORT|GENERAL','gemma3:270m'),
('2026-02-16 13:10:00.917139+01','f92cc330-2eb9-42ce-8e7f-5ae322a9f979'::uuid,'a4b35a8f-5b40-459a-a671-21d33f1c978b'::uuid,'POSITIVE','REFUND','gemma3:270m'),
('2026-02-16 13:10:06.842876+01','321466d8-10e3-4440-9652-4bc5b9a1a92d'::uuid,'6c46289d-bdfd-4690-b89c-09e2377cd33f'::uuid,'POSITIVE','REFUND|SUPPORT|GENERAL','gemma3:270m');

INSERT INTO person.person_note_embedding (id,"content",metadata,embedding) VALUES
('4d9a5f74-5fd1-3b18-955a-9b0857165d14'::uuid,'Customer is happy with the service','{"model": "gemma3:270m", "action": "UPDATED", "source": "PERSON_NOTE", "personId": "6b8d7e70-800b-4e30-a54d-14cecdaef6ec"}','[-0.06505072,0.041538335,-0.18560132,-0.03474739,0.04108046,-0.026024101,-0.021594737,-0.05392818,0.029257618,-0.04490003,-0.010171383,0.06740576,-0.004071211,0.003289433,0.012823681,0.024542829,0.01848549,-0.023705475,-0.036977876,0.05806009,-0.032214493,-0.01609508,-0.03792431,-0.06712318,0.0953131,0.016319906,0.044141743,0.043818112,-0.009382743,0.012997219,0.022985388,-0.061963852,-0.021915276,-0.007877135,-0.08253965,0.048937827,0.017752543,0.008691271,0.037065875,-0.02705376,0.043262195,0.02513411,-0.038239453,-0.0074364124,0.054671187,-0.013838251,0.02593458,0.0075150235,0.04028554,-0.035414904,-0.010824229,0.020433603,-0.07379217,0.005038992,0.10675523,0.027118325,0.020107282,0.010936955,-0.09706905,0.011517803,0.00541999,-0.0021879664,-0.003243362,0.04529086,0.05367731,-0.03571885,0.0005433884,0.021349091,0.025309168,0.0035971864,0.031760678,-0.012605224,-0.011666442,0.027362704,-0.025783623,-0.029784387,0.024229074,-0.014758431,-0.023471827,0.010536892,0.024566773,-0.028746137,0.020793384,-0.039765365,0.034200408,0.0037995165,0.06469769,-0.014499216,-0.054406207,0.054141134,0.0032333126,-0.05665925,0.024291886,0.021035032,-0.06346755,-0.00323365,0.0030133834,0.02702158,-0.0025717374,-0.056840297,0.027382728,0.027034003,-0.016486539,0.01965953,0.026273414,0.05764782,-0.017187256,0.05743573,-0.03768816,-0.011428197,-0.012417781,0.017201377,0.024073035,-0.006483967,0.041721992,-0.011277788,0.008312764,-0.057335243,0.032548014,0.04489897,-0.005492286,-0.0078337835,-0.020527843,0.054956812,0.020237997,0.026085991,-0.06134487,0.045838628,0.0037492272,-0.011389025,-0.02427117,-0.027567595,-0.0028989378,-0.015612988,-4.8782607e-05,0.027589658,-0.039247826,-0.020740585,-0.0023457578,0.007279881,0.020345915,0.06509168,-0.011895788,-0.05871672,0.00810264,-0.021428194,-0.0027648648,-0.041386522,0.025213033,0.04224816,-0.023064734,0.011867062,0.012581589,0.0210532,-0.0063862633,-0.067015216,-0.015354158,0.0013242784,0.041073654,0.029224696,0.031950578,-0.014078759,-0.04989911,0.0008864876,0.022978354,-0.034807142,-0.02683617,0.029254427,-0.00795042,0.041191857,-0.0076766517,-0.032168157,-0.016232321,-0.019526618,0.01696521,-0.06906515,-0.026982514,0.042244226,0.024668384,-0.040135738,-0.02507083,-0.057070997,0.020890508,0.00021752772,-0.03089613,0.014974843,0.021288494,-0.0024596122,-0.060890295,-0.088834435,0.03252465,-0.010670506,-0.050247964,0.023884764,-0.021106334,0.028051574,0.032623906,0.04327,0.057079334,0.008697324,0.024609601,0.007687245,0.0002182797,-0.030295447,-0.006581623,0.058160443,0.060297385,-0.031506166,-0.010477796,0.009510636,0.037950292,-0.030825581,-0.013619197,-0.013522257,0.018601462,-0.01792002,0.040264633,-0.051181763,-0.030777223,0.009859783,0.03574458,-0.027988331,-0.00051215803,-0.016076753,0.04106121,0.03040485,-0.010932837,0.0036648868,-0.041958906,0.016828652,-0.0035388733,-0.07016937,0.033517424,0.040996574,-0.06152477,-0.0005005141,-0.031384,0.051778853,0.0025084792,0.010912571,0.0025415402,0.031787824,-0.013853481,0.005565483,-0.08206108,0.062013518,-0.026738193,0.010063688,0.0046924595,0.03977395,0.054321904,-0.036960647,0.022446759,-0.015336634,0.05959258,-0.05225706,-0.032476842,0.023289261,0.01844837,-0.052648112,0.007442009,-0.064731486,0.044770144,-0.047734175,-0.043085225,-0.026762305,-0.02662674,0.018168556,-0.008412517,0.0007738794,0.033371724,0.009611491,0.008301258,0.07597192,0.010441133,0.023030365,-0.018106114,-0.009967203,-0.026206415,-0.021226421,-0.0033628861,-0.013936549,-0.031205842,-0.012622972,0.004529675,0.043143988,0.023635197,0.006758696,0.01138641,0.01814004,0.044081677,-0.037958745,-0.012433105,0.014682971,-0.02144477,0.020855237,0.05919883,-0.06853441,-0.0018622703,-0.041252486,0.015857734,0.013940219,-0.014002475,0.040246986,-0.033214044,0.009304685,0.044418745,-0.008855066,0.021761192,-0.022209695,-0.056740616,-0.0055772616,-0.033351235,-0.027592663,-0.06097375,0.008251371,-0.01588367,0.007551925,-0.0038806675,0.032257993,-0.014337973,-0.00017638829,0.010450286,-0.062472284,-0.026861392,0.035534687,0.028252516,0.05151066,0.0097139655,0.014515985,0.018327044,0.049612913,0.025016567,-0.039576508,0.0048349816,0.019673605,-0.043503363,0.0066184797,-0.019010382,0.07975237,0.034151576,-0.042727023,0.014904581,-0.04172238,-0.037234545,2.1993232e-05,-0.09739791,0.01825477,0.03336224,0.025103915,-0.025774876,0.028089684,-0.022635508,0.00254934,0.015502119,0.019053252,0.0039158445,0.051232185,-0.00045026938,0.00012786529,0.05835049,0.0037256917,0.039504893,0.035862796,-0.006654968,0.044912774,-0.009793308,0.047671884,0.017598966,0.042260766,-0.012433888,-0.053773742,-0.008863102,0.026486754,0.026186932,0.019680204,-0.087550625,-0.031694733,0.002526898,0.022258068,0.010842111,-0.017917797,0.00924255,-0.016924039,0.020556021,0.02816678,0.02075433,0.023112366,-0.02134337,0.026086519,-0.021650543,-0.028590243,0.00059510936,0.029645123,-0.022141382,-0.006235066,0.09803076,-0.057042576,0.067281164,-0.045639332,-0.041341472,-0.058444876,0.011683017,-0.028706606,-0.051830105,0.0009570439,-0.041469093,-0.08174754,0.06747313,-0.06538121,-0.018266508,0.008948603,-0.02753209,-0.070886835,-0.017163008,0.01916882,0.03299435,-0.051539563,-0.0078491075,-0.0003562673,0.07178277,0.04620528,0.051690765,0.023450503,0.0008155789,0.021602249,0.048924003,0.06669239,0.0061974274,-0.046283178,0.009470562,0.05568703,0.015340192,-0.0028545258,-0.033547428,0.019158887,0.022600027,0.0069405055,-0.017737256,0.048761405,0.03262764,-0.007044806,-0.03537078,-0.026802065,0.04721406,0.049433555,0.058990255,-0.05421325,-0.013152988,0.02366705,0.043371998,0.0227408,0.036380876,-0.017762015,0.07164342,0.011383841,0.02424126,0.030606737,0.018454766,0.07470898,0.010792883,0.032692112,-0.059648115,-0.004675201,-0.007689233,-0.012885596,0.01554713,0.0031556687,0.0053952653,0.063041195,-0.03028697,0.040054515,0.035607416,-0.049052224,-0.013578464,-0.055561412,-0.06418132,0.030296525,-0.0034149352,0.095624715,0.05693195,-0.039591342,0.011933753,-0.049202275,-0.041639816,0.026599137,0.029650912,-0.017811485,-0.033709127,-0.0190498,0.00044533453,0.023050645,0.017991256,-0.04507109,-0.009561699,-0.020277178,-0.106872715,0.010850782,0.008944335,-0.01701816,0.006270432,-0.029375412,-0.008206217,0.029215697,-0.012943083,0.017690234,0.052982494,-0.053254988,-0.047599386,-0.02193235,-0.04357237,-0.0068399035,0.025051055,0.04284459,0.02738926,-0.02742096,-0.0052937344,0.0064477185,-0.03562056,0.06627119,0.01594406,-0.016853154,0.03607778,-0.054670926,-0.029427143,0.022257175,0.01683813,-0.013202915,0.06961308,-0.02548272,-0.014012093,0.05659543,-0.029847331,-0.08771116,0.020241894,-0.014825431,-0.0031873435,0.00984057,0.040974036,0.072443224,0.013864142,-0.021139782,0.018509353,0.019394018,0.045986515,-0.015508408,-0.082154445,0.017167179,-0.04082578,-0.009099692,0.024630114,-0.06494842,-0.00041537834,0.030569453,-0.0046474603,-0.0148617085,-0.034169257,-0.01208125,0.00065142993,-0.042011168,-0.015480207,0.017950531,-0.023456836,-0.030997518,0.0814537,0.0063390313,0.02135233,0.04852264,-0.0495844,0.014472053,-0.07755516,-0.01233398,-0.013832315,-0.004902188,-0.0027730158,-0.012108608,0.015305507,-0.031069253,-0.045691,0.017613793,-0.027716497,-0.08659768,0.020464351,0.07907747,-0.005245268,0.0049846163,-0.0073863794,-0.06640004,0.020462273,-0.08399174,-0.013003483,0.035371557,0.04483103,-0.006222004,0.003602919,-0.016207961,-0.02089863,-0.049474537,-0.01740981,-0.018087408,0.040116835,-0.010209617,0.015759096,-0.05092825,0.010755823,0.03419141,0.022197627,0.049726784,-0.0134918485,0.0026623958,0.026902054,0.038468666,-0.019574784,0.0038198566,0.033622865,-0.057458706,0.06883019,0.0022444767,-0.009321666,-0.02710548,-0.047569674,-0.07147244,0.037511926,-0.02035395,0.032101534,-0.0015504893,-0.018211875,-0.025235564,-0.038876932,0.012021898,-0.02728854,0.0014354308,-0.0530779,-0.013240067,-0.04912406,0.01684769,0.008243241,0.0155521715,0.0063555376,0.030993748,0.032040227,0.03139311,0.024654469,0.028524768,0.056422163,-0.025935046,0.037596,0.047686722,0.01740658,-0.021147052,0.049134083,0.047259834,0.05609001,0.020578964,-0.018499348,-0.039277606,-0.0037772455,-0.041485716,-0.07763273,-0.061162625,0.02872933,-0.011816614,-0.060956,0.024300233,0.018385485,-0.017223177,-0.053304933,-0.023657149,-0.09324551,0.0008684627,0.03549512,0.029902656,-0.005107754,-0.03197479,-0.018365193,0.044676054,0.015773907,0.03562442,0.025255274,0.029561948,0.017795539,-0.036668386,0.00096656947,0.047091138,0.004385685,0.024842149,0.035367303,-0.01938263,-0.0070899846,-0.06457747,-0.00080351025,-0.009703909,-0.024541222,-0.014260994,0.02944981,0.024582548,0.0014876795,-0.025132315,-0.06571278,0.013908815,-0.025675748,0.03960664,0.017146114,0.05350674,0.0259409,-0.0518219,-0.024451604,0.005835376,-0.021266028,-0.017323779,-0.03183682,0.013729852,-0.028085746,0.063943416,0.0355561,0.047615383,-0.004584619,0.027867151,-0.024195192,0.04528856,0.064588666,0.010477574,-0.05128487,0.013489756,-0.01185045,-0.004187593,0.028132766,-0.069617316,0.029129596,0.025713347,0.041025892,0.04303922,-0.021399386,0.018585904,0.033295188,0.0045011104,-0.003938283,-0.04109483,-0.03438318,-0.014434855,-0.04469252,0.0041631577,-0.01064043,0.07240703,-0.049548518,0.009998381,-0.021403888,0.011270462,-0.004878106,-0.02785034,0.038254037,0.0032418065,-0.0480025,0.013203116,-0.048496865,0.038420103,0.040805247,0.044217497,-0.005758404,0.015104111,0.042039976,-0.014567578,0.02652253,0.0010388987,-0.039536342,-0.016793769,-0.010629563,-0.04586317]'::public.vector),
('fc3dabcc-bea6-3f8c-b082-29e5b6e4bc84'::uuid,'Customer charged twice and is very angry','{"model": "gemma3:270m", "action": "UPDATED", "source": "PERSON_NOTE", "personId": "ddf6b5e9-9448-4e61-8f35-705135bcc6f0"}','[0.07705157,0.055639274,-0.16885613,0.021988044,0.08539138,-0.008011718,-0.05023825,-0.046344273,-0.0036951452,0.023087297,-0.094096474,0.08912753,0.020014865,0.028499601,0.030946076,0.00031434247,0.0697971,-0.0030417282,-0.01327726,-0.0008582663,-0.034814306,-0.013741413,-0.033864193,-0.060775045,0.055133414,0.023473443,0.055794425,0.04294509,-0.03621221,0.08032782,0.015241313,0.0042932127,-0.068853036,-0.030013334,-0.12909584,-0.013247064,0.062531,-0.043936335,0.0056990576,0.015221083,0.08017996,-0.014270893,0.012045959,-0.051963914,0.008073887,-0.02359273,-0.0027279633,0.066176526,0.00534034,-0.04721803,-0.0017687416,-0.034828693,-0.00055060437,-0.031331033,0.063797876,0.041604903,0.005983788,0.0064682267,-0.039333686,0.020161944,0.02347671,-0.002829625,0.021398945,0.07034195,0.0014443197,-0.05632012,-0.02393951,0.009738781,-0.003537948,-0.05256272,0.09150879,-0.04718593,0.032172333,-0.016213523,0.023339497,-0.04505287,0.027208356,-0.029564874,0.01126329,0.031682923,0.020171674,0.01153971,0.070789106,-0.01977506,0.055755224,-0.06702016,0.0057685673,0.022453988,-0.09703037,0.008284286,-0.024320044,0.014972488,0.04695079,0.018663367,-0.04164373,-0.03985966,-0.024028432,0.013589652,-0.04531846,-0.008048286,-0.03276938,-0.026880307,0.02644472,0.030017171,0.008119589,0.008848886,0.011466072,0.03035305,-0.03606556,-0.057488393,-0.010078596,0.0046379566,0.03565734,-0.022376724,0.04083633,0.05596546,0.033294097,-0.07879369,0.008230181,-0.016847856,0.037101477,-0.019543871,-0.00782096,0.024325434,0.041571476,-0.01469329,0.029768866,0.014660777,0.00904966,-0.01901593,-0.049398232,-0.03709502,0.031640824,-0.00867863,-0.008219009,0.006930663,-0.024098853,0.008195901,-0.04215096,-0.0011142093,0.07405698,-0.009148205,0.050937053,-0.0059044296,0.025932372,-0.054771196,0.024647726,-0.043914318,-0.037100907,-0.005805476,-0.02418414,-0.044279464,0.030667987,0.029330552,0.030481037,-0.026480326,0.012628888,0.05513554,0.0077472893,0.028720556,0.022440946,-0.00035100643,-0.022570206,0.0337119,0.010581956,-0.027820775,-0.011337488,0.06452031,-0.003137808,-0.003048577,-0.012995215,-0.021668522,-0.018450739,-0.0134163285,0.043304622,-0.012515203,-0.0645026,0.03586787,0.010270326,-0.008213287,-0.075293295,-0.002680748,0.053792644,0.03117225,-0.03348573,-0.018821297,0.0078098387,0.030574609,-0.024581734,-0.03085827,0.009366379,0.052776255,-0.06986172,0.015370048,0.016810002,-0.027486222,0.028275704,0.0034615437,0.031069215,-0.026614396,0.007118853,-0.039724797,0.01047924,-0.015118688,-0.07147894,0.05137108,-0.018904755,-0.01307494,0.022291768,0.027694963,0.00783849,-0.009233781,-0.0063719014,0.035760257,-0.0035116407,-0.065785,0.005480389,-0.045393117,-0.01512404,-0.025907138,0.014654449,0.007932292,0.011450847,-0.021239854,0.02584441,0.015499569,0.010931838,-0.02942649,-0.07331293,-0.017098632,-0.0009937214,-0.094429575,0.033207554,0.03827415,-0.018879624,0.040179513,-0.06288614,0.014970292,-0.017891556,-0.032019343,-0.008249193,0.07498268,0.027894726,0.046828337,-0.018525902,0.05742048,-0.0034638585,0.005659793,-0.010013038,0.06937076,0.011014985,-0.061967023,0.012621337,0.0195216,0.036662187,-0.013589853,-0.02379392,-0.0015884954,-0.020455047,-0.050802242,0.0202422,0.003289323,-0.004487713,-0.074185036,-0.057502232,-0.068267,0.015968185,0.003724606,0.017041225,-0.029082982,0.009542576,0.091209024,0.027897384,0.026076252,0.008040583,0.0075221388,0.001983399,-0.073853604,0.02126741,-0.006522734,0.018385094,0.011264616,-0.009300615,0.002718127,0.045066867,0.025530335,0.015584027,-0.0080144135,0.0070643495,0.00689239,-0.0119262375,-0.021178426,-0.03838984,0.026288437,-0.039400917,-0.0056119235,0.019435525,0.0034907458,0.007879968,-0.06663596,0.0372813,-0.02240012,-0.0052628675,0.014381772,0.015068188,-0.023204725,0.07391294,-0.021979,0.0481533,0.0060161874,-0.032997582,-0.0057690903,0.012933263,0.021684766,-0.045199588,-0.023028784,0.010791757,0.041382357,0.02779178,0.0008243999,-0.023853496,-0.023998106,0.037138425,0.0066387197,-0.030707296,0.017640881,-0.03275197,0.03142053,-0.008201296,0.014754837,0.012906164,0.052478638,0.04673529,-0.05929845,0.0031846547,-0.006401602,0.040852264,0.057415254,0.009292799,0.0470784,0.022065537,-0.0144428555,-0.0041079693,-0.08203635,-0.018085271,-0.021860365,-0.024342237,-0.01108568,0.011534471,0.006487793,-0.027123315,-0.015895698,0.01446994,0.06719423,0.009598783,-0.058517043,0.024571117,0.04518871,-0.020432921,-0.019682068,0.020958655,0.022443566,-0.0058384305,0.0036344286,0.01939859,0.054227907,0.03353266,-0.03998016,0.010048804,-0.0016347216,0.013507297,-0.030085247,0.026723253,0.010397321,0.0060439124,0.0067865974,-0.08695571,-0.067192785,0.0035724195,0.03546275,0.039938778,-0.05234967,0.041906226,0.004931947,0.021694027,0.015996724,0.04705848,-0.027491843,0.0052810204,0.02160616,-0.0047266264,-0.002018115,-0.07048721,0.012747962,0.018499406,-0.06385285,0.04315601,-0.027799832,0.012517852,-0.009235269,-0.014388973,-0.047099978,-0.008732255,-0.06774845,-0.06290446,0.023809787,-0.0053809495,-0.06467959,0.043085676,-0.008195959,-0.027070656,0.015483259,-0.012364994,-0.059575826,-0.0043364805,0.01504646,0.07351369,0.049772047,-0.026415916,-0.024569353,0.044845488,0.029837664,0.032711517,-0.0032690112,-0.0033853173,0.023702554,0.038285386,0.03808801,-0.0045816554,-0.06098237,0.036685806,0.014251829,0.010844156,0.023543566,-0.008365373,-0.008334447,0.002497971,0.046555404,-3.6013294e-06,0.047689866,0.06545981,0.01883959,-0.02321545,-0.031039165,0.043647137,-0.0025239582,0.12390737,-0.044920817,-0.013865694,-0.035957977,-0.047058962,0.04555218,0.017911024,0.01284755,0.06819354,-0.02950655,-0.011339772,-0.005676411,-0.035789277,0.031145781,0.00187743,0.04473459,-0.0001633406,-0.034933574,0.00547141,-0.061603263,-0.00550259,-0.02834886,0.0038364655,0.006368435,0.002209009,0.005846935,0.006313033,-0.050608188,0.011595594,-0.029628845,-0.02815754,0.0056405286,0.012147244,0.09087749,0.019386886,-0.054513525,-0.003971573,-0.024714723,-0.034836262,0.037068132,0.059259553,-0.008426915,0.062053975,0.008080885,-0.026769845,0.008635082,0.014228006,0.012425949,0.0057578236,0.0605464,-0.042219434,0.032620456,0.034853157,0.0110058505,0.04768207,0.017347267,-0.04514088,0.024374202,0.044649087,-0.039488617,-0.010088184,-0.069688454,-0.02886503,-0.010756919,-0.02712356,-0.014469257,0.0701439,0.017221395,0.061451234,0.0067404932,0.005137145,-0.027090376,-0.03080796,-0.0023050657,0.04601967,-0.03464066,0.018092249,-0.026618136,-0.006838089,-0.019856606,-0.010899092,-0.05881053,0.008813585,0.040655427,-0.04067127,0.01962286,-0.03531919,-0.028540676,0.023190336,-0.0065340577,0.04073027,0.05309731,0.011149902,0.03832736,0.022214012,-0.06957311,0.014576625,-0.028842108,0.006786925,0.013319408,-0.055230495,0.025064696,0.02424207,-0.036441322,0.041203845,-0.095363595,0.019276982,-0.03179243,0.03798587,0.009107197,-0.036191966,-0.028816283,-0.048777007,0.01746962,-0.021955268,-0.0012100594,0.033840545,0.046471808,0.040237185,-0.01086765,-0.005406484,0.0330292,0.03136214,0.003329716,0.012583779,-0.0043697725,0.006165548,-0.039993152,0.021105686,0.057536684,-0.005953117,0.011613349,-0.020567765,-0.033363804,-0.0059144907,-0.014076696,-0.00016801665,0.02699207,0.033886813,0.028732754,0.016822303,-0.04245654,0.08055464,-0.09555848,-0.011954611,-0.012820618,0.026226442,-0.047384616,0.00041424847,0.021739012,-0.011468188,-0.0662907,-0.0213472,-0.07278087,0.043169975,0.012304568,0.037180062,-0.023764832,0.003618143,0.0054619266,0.03723267,-0.029763935,-0.06322189,0.043030154,-0.062447023,-0.030596389,-0.034895986,-0.002415392,0.016266963,-0.00060731854,0.05725587,-0.01959142,0.00084692787,-0.037658155,0.03180724,-0.06334845,0.020257384,-0.027060604,0.07019782,-0.0081493,-0.021520054,-0.04043572,0.013111063,-0.0069211447,-0.015483474,0.01430574,-0.017020375,0.015651453,-0.020039009,-0.014658866,0.032172624,-0.0033634321,-0.04658811,-0.01534677,-0.010232781,0.04227827,-0.04535571,-0.009433608,0.0034042308,-0.01948954,-0.008883461,-0.007632043,0.012766583,0.036837887,0.06973873,0.064445235,0.04911107,0.02637319,-0.044702273,-0.0109471325,0.011597412,-0.040222336,-0.0687392,-0.01015868,0.0074852654,0.05642643,-0.087629415,0.009368296,0.018457418,-0.041207112,-0.0005127071,-0.0016253035,-0.043034535,-0.02085635,0.0047985967,0.024054833,0.0053521763,-0.01699167,-0.030130578,0.014251153,0.043590732,0.03522153,0.018955374,0.010175048,0.05801982,-0.018873777,0.045564998,-0.0039643925,-0.015009924,-0.031669237,0.06161167,0.034682214,0.0064223977,-0.002970677,0.044079166,-0.034552447,0.008445382,-0.0023261697,-0.017706066,0.058460094,-0.023340318,-0.013100897,-0.009250696,0.0012576381,-0.009269882,0.028968878,0.00040921144,0.034112204,-0.059217922,0.03546999,0.0120664565,0.02445782,-0.0059386194,-0.014143787,-0.03773163,0.0055437647,-0.060324643,0.0505473,0.019757114,-0.0017087918,0.059616733,-0.0067550708,-0.011493384,0.048345167,0.075936444,0.0017912481,-0.048422158,-0.033773884,-0.03130271,-0.016656827,0.017609634,-0.003212515,0.041695386,0.061016902,-0.0038772756,-0.03276045,-0.035533275,0.034206722,-0.009053616,0.011417305,0.01455848,0.027626337,0.025579883,-0.023847358,-0.047128875,0.009823586,-0.037300427,-0.0044712704,-0.019220665,-0.016637495,-0.06660435,0.07126998,0.018973758,-0.043127146,-0.004357252,-0.053265035,-0.061237667,0.015777739,-0.014447625,-0.006172906,-0.029518047,0.054975018,0.01735933,0.004825998,0.017528137,-0.007885057,-0.029253893,-0.034411598,0.022927161,-0.049855847,-0.032698806,-0.07419164]'::public.vector),
('91764d3f-7182-385c-acd6-b2e8dba59506'::uuid,'User reported a billing mistake on last invoice','{"model": "gemma3:270m", "action": "UPDATED", "source": "PERSON_NOTE", "personId": "5509d753-a323-44c6-856c-a6e167ec9ae9"}','[0.05367004,-0.0009675871,-0.1546323,0.003314422,0.0793032,-0.0048935562,-3.0487943e-06,-0.037679985,0.01029148,-0.009776519,-0.051710572,0.039324068,0.043980498,0.017322209,0.07006443,-0.031078659,0.100514576,-0.015802685,-0.05895692,0.0072807507,0.014773639,0.00968503,-0.073359974,-0.051880658,0.06750154,0.025131356,0.03896153,0.04645719,0.014637421,0.011818165,0.056924667,0.011949169,-0.061007705,0.0043088943,-0.108086705,0.004313871,0.065840684,-0.049234983,-0.013045382,0.01658484,0.09269757,0.012121198,-0.0056940443,0.015323919,0.037865926,0.01236672,0.061104864,0.087896205,0.050017457,0.0021636677,0.059530865,0.0013342784,-0.040031444,0.027140876,0.017187227,0.02985842,-0.014424976,0.009082952,0.0099823335,0.033254355,0.0973082,0.032974366,0.019821841,0.07593348,0.012158452,-0.079753935,-0.012539842,0.049073927,-0.016992321,-0.030399542,0.03523486,-0.003972685,-0.002553084,0.028739475,0.010232327,0.01795766,-0.011155078,-0.037440687,0.0054212306,0.0189369,0.0037766166,0.023097204,0.082173035,0.029069873,0.014399059,-0.016821213,0.035285115,-0.0018081941,-0.034817446,0.034213975,-0.04392265,0.0033952382,0.023779878,0.020914782,-0.068099275,0.002751604,-0.011477412,0.03659291,-0.017173046,0.005139828,-0.027999088,-0.001477926,-0.007692551,0.0031700186,0.017392952,0.061472323,0.009713978,0.040733304,0.0047150715,-0.07186748,-0.013445695,-0.008162732,0.040144652,0.002291309,0.04628068,0.025079427,0.073555745,0.008215273,-0.005791867,0.028791763,-0.05876398,-0.08133392,0.011456157,0.021794247,0.009526846,0.025093768,-0.023263607,0.030051535,0.025736576,-0.038283844,-0.057581205,-0.034292568,0.017798567,-0.006253603,0.013243859,0.0006819611,0.03258237,-0.059560828,0.029873446,0.020305596,0.05186613,0.017023351,0.03974302,-0.026038045,0.057623968,0.025198678,0.049596768,-0.010386474,-0.011733887,-0.0021922165,-0.029847097,-0.041064594,-0.02445415,0.074114844,0.017454714,-0.032835435,0.001629877,0.03266479,0.040790226,-0.006580506,0.019153705,0.026182635,-0.013605012,0.04723571,-0.0059081847,-0.07469256,-0.036175773,0.03026346,-0.0054704566,0.009328488,-0.0815086,0.0035860261,0.04304411,-0.07758389,0.055593356,0.03774858,-0.036291853,-0.018442318,0.01913804,-0.079010196,-0.0070354873,-0.014970167,0.029106379,0.04947389,-0.023480048,-0.062520936,-0.009544053,0.015233264,-0.026850872,-0.060758613,-0.003076242,0.030686302,-0.03027641,-0.01887064,0.0047834804,-0.00903553,0.066735744,-0.013288333,0.012740652,-0.026569901,-0.009575039,-0.053542826,0.0005049144,-0.012455065,-0.06422251,0.023203637,-0.018987665,-0.025863737,-0.015842836,0.006323629,0.044016078,-0.022815326,-0.028401708,-0.019574175,0.012893068,0.009554756,0.02510794,-0.015990337,-0.02813424,-0.02008488,-0.021997385,-0.004348373,-0.00469646,-0.0022459808,0.062034216,-0.03442659,0.030818017,-0.019944409,-0.038717672,-0.056682892,-0.003310238,-0.014912682,0.007528506,0.033257395,-0.025240311,0.024539314,-0.03407921,0.025081996,0.011614265,-0.013548353,-0.03078021,0.051845163,-0.004679279,0.01148752,-0.08119355,0.08202132,-0.012364345,-0.033660047,-0.016484613,0.060357567,-0.012840169,-0.0026812083,0.08502783,0.040180285,0.020320626,-0.015775472,-0.04314548,0.012165985,0.019168127,-0.0077072,-0.0043028016,0.01606411,0.061281856,-0.066663496,-0.020313153,-0.022035351,-0.018855937,0.018156769,0.0317094,-0.035352156,0.053454,0.035714697,0.020483648,0.03827981,0.072461784,0.0007900831,-0.019261884,-0.07138814,-0.0008080202,0.015403092,0.0015875553,-0.038056187,-0.031131469,0.040957842,-0.014044545,0.018350087,-0.025726466,0.0032371858,0.037695397,0.0005469604,0.022771738,-0.029428681,-0.044602126,0.070527375,0.0023548957,0.018071933,0.09963611,0.01639349,-0.00838151,-0.05830509,0.05108602,-0.029845398,0.018570457,0.008472172,-0.008794996,0.009075203,0.06130276,0.021643024,0.04690584,-0.05046069,-0.0118654175,-0.053001646,-0.036005303,-0.013087534,-0.010107098,0.027642196,0.0051301606,0.010054955,-0.03246961,0.023675095,-0.023241246,-0.0051365206,-0.028260611,-0.041294735,0.0048653423,0.04481079,-0.056860816,0.041405253,0.0067332643,-0.018949889,-0.034421615,-0.0012900284,0.03891902,-0.10175365,0.028820632,0.013034836,0.0013300545,0.029696615,0.0067430628,0.04945798,0.055596627,0.03516538,0.007842858,-0.055408023,-0.007523944,-0.018035136,-0.040312856,-0.023312284,0.015162812,0.049572933,-0.007340315,-0.00060388685,0.018517068,-0.033212442,0.056276415,-0.014348837,0.021426324,0.024716148,0.019626336,-0.021820724,0.03479395,0.020786524,-0.029292492,0.012262927,0.013380107,0.04456729,0.021813678,-0.009654013,0.020343823,-0.023910392,-0.021812033,0.008017986,-0.051621936,-0.02962607,-0.018784571,-0.036165155,-0.06173007,-0.0021521947,-0.01290867,0.049438965,0.016637929,-0.07519057,0.039874997,-0.040353138,0.019486804,-0.021911291,0.015731027,-0.06448385,-0.035173118,-0.030211609,-0.07669998,-0.008775066,-0.010408313,-0.02747745,0.08258338,-0.0200556,0.0614086,-0.013317615,0.033313174,0.038449787,-0.043826237,-0.04851814,0.048446033,-0.052386932,5.0005496e-05,0.011368443,0.031741224,-0.015840504,0.035867266,-0.0010217237,-0.023296561,-0.0063299984,-0.041176066,-0.004445336,0.03794536,0.018565195,0.022078654,0.012880269,0.0034699996,-0.05780431,0.11204432,0.04824964,-0.01832753,-0.012574144,0.037460923,0.002543938,0.024803344,0.041137137,-0.026016472,-0.025488902,0.016969288,0.05792599,0.0012202609,0.023627881,-0.034464546,-0.049009796,0.04721577,0.045789465,0.016812764,0.029131873,0.03614939,-0.02939656,-0.040861968,-0.036087587,0.013425487,0.027868899,0.11724217,-0.02733342,0.017380109,0.044422664,-0.002441527,-0.0117949415,0.0034422537,0.03212436,0.08992834,-0.044076405,0.0059801103,-0.0023545467,-0.04289836,0.016588636,0.024868116,0.045134086,-0.054545153,0.013988269,-0.008773845,-0.06191794,0.05636125,-0.044410825,-0.009769046,0.020691631,-0.058976356,-0.011506766,0.00515837,-0.0406218,0.011891546,-0.017208869,-0.04653485,0.035595533,0.017415602,0.033423435,0.019380968,-0.046008047,0.0036425602,-0.04015067,-0.04280605,0.066544764,0.019165467,-0.06308452,0.026210582,0.0040922193,0.02888481,-0.0044530765,0.0058035096,-0.035298802,-0.0084396945,0.03676871,-0.061393753,0.042708326,0.02534705,0.037414577,-0.01843962,0.047322962,-0.04357785,-0.034267724,0.021721017,-0.04896938,0.014406605,-0.031522874,-0.0792118,0.024439007,-0.013292278,0.023593811,0.05871015,0.059374113,0.016434189,-0.0012658368,0.026140315,-0.005961111,-0.0072364826,0.0012318844,0.03269776,0.004793724,0.03213845,0.024856709,-0.04673121,-0.06329238,0.047472645,-0.070937425,-0.019250546,-0.0058145327,-0.034108322,0.032388367,-0.008057054,-0.014917485,0.026804969,0.0044368557,-0.014028368,0.053877603,0.019508768,0.043308873,0.0034373351,0.015711576,0.002236568,0.02843118,0.03162955,-0.06724594,-0.032555755,0.0064798174,-0.004389991,-0.03980128,0.035569187,0.017690126,-0.0018106132,0.0047211726,0.013122183,-0.063100345,0.00026226073,-0.008184936,-0.043235335,-0.040873524,0.02625892,-0.01185876,0.0074115163,-0.006068265,-0.010015503,0.028640961,0.009432509,0.015266661,0.006413002,-0.05499213,-0.0241127,0.0024818007,-0.06713112,-0.034385964,0.028488105,0.0208375,0.041019425,-0.027534906,0.0007772936,-0.04969146,-0.0077474522,-0.009410321,0.031589635,0.027877199,-0.024571048,-0.027104303,-0.011454391,-0.05165788,0.041673522,-0.021216642,-0.028811399,0.0013283966,0.0085738795,-0.0005759925,-0.0429254,-0.0027814724,-0.032998767,-0.039538875,-0.031148948,0.0023486319,0.022407956,-0.014603015,0.033932783,-0.027005859,-0.004308353,-0.011358894,-0.02434771,0.03934059,-0.02808604,0.008644756,-0.026553756,-0.05081337,0.006650737,0.018593075,0.013276825,-0.060977384,0.06267726,0.022328379,0.0130364485,-0.045934603,0.011636309,-0.076672025,0.05021567,0.0008652604,0.05644921,0.015063783,-0.021197205,-0.014111171,-0.01838294,0.03893965,-0.0705961,0.053092573,-0.05994089,-0.049655657,-0.037975304,0.01659562,0.028911956,-0.01799957,-0.0043262457,-0.013452972,0.014625191,0.0449946,-0.024151504,0.0351563,0.015226675,-0.06013886,0.0052437284,-0.0029752841,0.009809782,-0.02091144,0.05171626,0.08038403,0.030892255,0.04914569,-0.030941974,-0.04019614,0.018729443,-0.030369166,-0.0045845504,-0.035190456,0.023044353,0.004892892,-0.027659059,0.013563407,0.06567036,-0.024371972,-0.046777017,-0.050305273,-0.05565462,-0.0435587,0.032880068,0.027948365,0.015830504,-0.004896284,0.013640927,0.04025018,0.05119755,0.031484872,-0.01258383,0.023070466,-0.0023525113,0.016185679,-5.27059e-05,-0.021199077,-0.043124862,-0.052291945,0.022228694,-0.017209457,-0.019219017,-0.026148029,0.0034000631,-0.022291034,-0.0008877425,0.006373504,0.0017715585,0.029442554,0.034055695,-0.037725914,-0.02273472,0.0037148627,0.017672807,0.012192078,-0.018389234,0.023658024,0.0023912932,-0.0118470695,-0.037785485,0.006661047,-0.011514089,-0.03313381,-0.0018953533,-0.046088025,-0.027323175,0.06777672,0.046029378,0.020650093,0.023248008,-0.07106586,0.008274377,-0.0074563636,0.016278481,0.0022753745,-0.045007635,-0.06548081,-0.028425952,0.003794864,0.021183487,-0.018507114,0.017091574,0.00027898597,-0.019244913,0.010885049,-0.071239755,0.0651766,-0.030191615,-0.0386564,-0.01419605,0.013052428,-0.012813102,-0.055658173,-0.021517104,-0.006221115,0.008073657,-0.009983132,0.017792737,-0.036107603,-0.037503544,-0.015313639,-0.031345602,-0.02353463,-0.02345894,-0.009280148,-0.04831813,0.07491026,-0.009258554,0.008728005,0.0011550252,0.051521424,0.014090062,0.0010230517,-0.0052094376,-0.048667222,0.026246218,-0.026079584,0.03609086,-0.054861933,-0.0074051716,-0.0424485]'::public.vector),
('e908b4fd-705f-3e4b-808f-ef67c9e58416'::uuid,'Customer would like a dark mode feature','{"model": "gemma3:270m", "action": "UPDATED", "source": "PERSON_NOTE", "personId": "f26edb6b-6d44-4dda-9548-b8d89e905c77"}','[-0.08821759,-0.011219343,-0.14197019,0.008252301,0.031482182,0.038460214,-0.0028650472,-0.0041459496,-0.020609204,-0.066225156,0.011593101,0.102253385,0.06418499,0.08649833,0.020328144,-0.020165386,-0.009713002,-0.0020600324,0.029854536,0.0056964676,-0.037309147,-0.011733648,-0.035082392,-0.0551938,0.0908829,0.08639844,0.06228316,0.01543954,0.019869547,0.081220984,0.056637283,-0.03967723,-0.03198546,0.010551008,-0.01033801,-0.038754705,0.033031363,0.007467215,0.0059953565,0.04681172,0.04579576,0.033197712,-0.03209173,-0.02430571,0.050698183,0.0068465206,0.06960433,-0.005586442,0.0055595264,-0.015670737,-0.0031802936,0.032315433,0.04243428,-0.086260855,0.07034641,0.0047595142,0.001030792,-0.00046683557,0.00716466,-0.0031409536,0.056916334,0.04770708,0.02007003,0.05772866,0.025475755,-0.06104631,0.01006897,-0.019618029,-0.01512519,-0.04873876,0.010886784,0.016317142,-0.004426547,0.04304777,0.031937294,-0.034670033,-0.013184879,-0.026323251,0.030179633,0.029425904,-0.017056828,-0.026935395,0.048175577,0.03111701,0.019390378,0.011493025,0.012823292,-0.018808993,-0.024225714,0.031212028,0.047986098,-0.016916309,0.043667138,0.019512944,-0.05822021,0.03628673,0.0056652157,0.027789434,-0.009178116,-0.02827185,0.03568429,-0.042098127,0.003942442,0.01588193,0.05375521,0.021427538,-0.0540924,0.025372315,-0.001884676,-0.0020377978,-0.080247976,0.054583378,-0.033496503,-0.03337189,0.052840378,-0.09928734,0.03685449,-0.043436814,0.041689616,0.031586982,-0.0083263405,-0.026344651,0.045752008,0.0076306136,0.00658718,0.02416154,-0.049817935,-0.014295475,-0.012821882,-0.08611229,-0.027762353,-0.024936516,-0.013526617,0.026648292,0.027293248,0.032236576,-0.0023902007,-0.0420149,0.011115295,0.041144833,0.041951604,0.03379092,-0.027942048,-0.015539017,0.0063263285,-0.01933798,0.04030271,-0.020645894,0.008597374,0.0021754177,-0.0048385058,-0.021688433,0.025669707,0.053842362,0.005464852,-0.06717069,-0.013209985,0.02174751,-0.029074471,0.0035970937,0.04374521,0.026592692,-0.11063168,0.010987976,-0.0012186057,-0.098731175,-0.00469947,0.014807699,0.0030446358,-0.0063421438,-0.05440817,0.00921042,-0.011987401,-0.015172228,0.053129185,0.0061427597,-0.021697655,-0.0002373511,0.04274996,0.044462547,-0.0024142656,-0.009514979,0.040173214,0.02385867,-0.031964194,-0.06705458,0.015855094,-0.0376515,-0.012069255,-0.050521433,0.054277167,0.056598216,-0.05540426,-0.03950876,0.027101832,-0.040002592,0.028405296,-0.03487019,0.031436436,-0.0053429645,-0.046799846,-0.040601686,0.022676026,-0.009436594,-0.03911222,0.027199464,0.015828265,0.05055891,0.007926012,0.021099178,0.057161704,-0.011512402,-0.013653963,-0.040345926,0.016923808,0.041317753,-0.024036914,-2.0565587e-06,-0.006701912,0.024718083,0.0047726296,0.01741872,-0.03407438,0.021236343,0.03125861,0.0060493695,-0.044225868,-0.0005293064,-0.003250259,0.0005489663,-0.02539336,-0.0815393,0.07626193,0.017153414,-0.016632205,-0.012717344,0.015754918,0.035502296,-0.027004406,-0.009096553,-0.0029940645,0.016228095,0.01927349,-0.0018910296,-0.044790793,0.057646178,-0.039454967,0.0136782555,0.0018747165,0.06290774,-0.013601841,-0.01651351,-0.00059538905,0.013758074,0.021192512,-0.043603297,-0.020402443,-0.010511237,-0.023239562,-0.0060226745,0.023209896,-0.052384663,-0.035223924,-0.07598822,-0.006022957,0.050783936,-0.025362637,-0.01639373,0.035074364,0.025801782,0.035178147,0.046843097,0.010843265,0.024244774,0.011820191,0.05590421,-0.009451668,-0.016067786,0.048880145,0.0037049134,-0.029121725,0.01457117,-0.025177974,0.0017684301,-0.03468647,0.0372127,0.031193309,0.015833892,-0.016297597,0.03017647,0.0053296797,-0.0074394834,-0.058034465,0.06564072,-0.039496105,-0.009017675,0.0746804,-0.0039692465,0.026301062,-0.00063688424,0.023359241,0.017308455,-0.0035062209,0.024240434,-0.060041312,-0.0045278254,0.053790405,-0.017064612,0.0405903,0.0020114074,-0.021804601,-0.022723183,-0.049263433,0.033472598,-0.063319325,0.007955995,0.025569158,0.023531845,0.01793732,0.00036047542,0.0055205654,-0.0033163961,0.0108603425,-0.04200918,-0.0073032435,0.012290134,0.0016373565,0.06263194,0.030540371,-0.0006980072,0.057326257,0.07429145,0.014572032,-0.03894148,-0.0058527053,0.0803316,0.027988438,0.024395166,-0.021456094,0.018551748,0.028988248,-0.033603385,-0.0276244,-0.027946858,-0.012673282,-0.044430465,-0.027417112,-0.036005203,0.05825893,0.085383594,-0.054362196,0.0141024,-0.0006393308,0.008379781,0.037403632,0.026758548,0.033713967,0.046859037,0.058530375,0.0009142995,-0.007005893,-0.013890026,0.005909639,-0.051621106,-0.0076427883,0.028989797,0.0229748,-0.023862671,0.001637712,0.003993036,0.040069718,-0.02343246,0.008973468,0.041617118,0.02760357,0.002575798,-0.0567034,-0.026709357,0.018592732,0.031416208,0.004048878,-0.011398544,0.021204786,0.061381083,0.010388027,0.04370338,0.038882826,0.025387332,-0.009539513,0.025122419,-0.012724161,-0.0046495167,-0.012496116,-0.025247833,-0.025714934,0.016028676,0.06973785,-0.022487063,0.002546556,-0.0102529945,-0.02155541,-0.046948064,0.013482134,0.023411838,-0.054673772,-0.018601868,-0.03362525,-0.055351596,0.067362845,-0.0070621595,-0.012560952,-0.011469671,0.0039486554,0.0059763873,0.025300592,0.023949115,0.045246527,0.003312952,0.0026040333,-0.0015356113,0.053011134,0.057445172,-0.060950957,-0.010344075,-0.045405246,0.004051967,0.042017482,-0.0026218737,-0.018275596,-0.09188654,0.042723864,-0.032807704,0.029075077,-0.038576115,-0.009804634,-0.0031006944,-0.039213195,-0.029241951,0.017697133,-0.0014160555,0.02151808,-0.0461888,-0.007607891,-0.07005897,0.024812313,0.06920574,0.069385275,-0.03201898,0.0013617391,0.053470492,0.027703734,0.03785642,0.016743489,-0.0014106262,0.055058558,-0.034094337,-0.024075408,0.011778873,0.010038873,0.03419427,0.028788507,0.05240596,-0.053707704,-0.019990036,-0.028359009,-0.03476114,-0.024728633,0.004734078,0.0151913995,0.06434128,-0.08013066,0.011615315,0.051242206,0.0068776445,-0.008662905,-0.018008968,-0.019590523,-0.024053864,-0.02141901,0.028114662,-0.009873044,0.012150506,0.030808741,-0.034778386,-0.061955415,-0.0013828193,0.009389813,-0.00032521063,-0.022677662,-0.044097096,-0.018990802,0.048154682,0.0009128327,-0.016646223,0.006615864,0.031704314,-0.013375605,0.04240912,-0.004139554,0.022702415,0.009652299,-0.003861478,0.03299536,-0.031342585,0.007202923,0.0033662214,0.01788675,-0.042208385,0.015249584,-0.006079952,-0.055691335,-0.03779111,0.03549699,0.06532443,0.0017703642,-0.07709846,0.042294577,0.01994722,-0.07024788,-0.021648705,-0.025294278,-0.08124354,-0.03550556,-0.030819254,0.046079766,0.02078728,-0.03289192,-0.013330533,0.03236897,-0.07334762,-0.0012057212,0.019621043,0.0036127386,-0.050797224,-0.0058496753,-0.022948485,0.036674306,0.02812441,-0.045077972,0.03007248,0.018413873,-0.016864698,0.03119157,-0.047651857,0.056559507,-0.053750876,-0.01579083,0.012698118,-0.061140276,-0.017124822,0.06250444,-0.04483261,0.01753076,0.0028130542,-0.039602146,-0.06388885,-0.01577977,4.120112e-05,-0.03905579,-0.0077240216,0.080148056,0.0008545665,0.010501829,0.001826784,0.009149053,0.021056106,-0.020754939,0.017253034,0.03232735,0.005249174,-0.04619967,-0.07053673,-0.03476349,-0.009477984,-0.0053001656,-0.029079394,0.06613941,-0.013815914,-0.055170506,-0.032266058,-0.019863434,-0.026490964,-0.028105818,0.054721195,-0.0088828495,-0.007507239,0.033735935,-0.010670385,0.0021573408,-0.060728166,-0.0064979857,0.005204692,0.018926367,-0.020644438,-0.047138523,0.020045253,-0.014269387,-0.04783244,0.008615567,-0.072182626,0.029951185,-0.009301772,0.0063135363,0.0036377327,-0.0045603686,0.05736676,-0.014544489,-0.016022589,0.005426451,-0.008477773,0.0077181226,-0.00091669295,-0.011915492,0.00087479537,0.019737463,-0.03971816,0.05496438,-0.01725004,0.0063216,-0.035981826,-0.017852051,-0.045359716,0.024392974,-0.061413776,0.035694648,-0.02912499,-0.075201645,-0.04325766,-0.046308044,0.066818,-0.00632437,-0.026679875,-0.06718883,-0.024384955,-0.021644013,0.030460538,0.030336404,-0.01014201,-0.014806273,-0.0013454793,0.042560622,0.028205909,0.053840987,-0.017997142,0.05800895,-0.00092715764,0.04813898,-0.052645326,0.061790608,-0.01668326,0.030477867,0.023789339,0.05268967,-0.022797488,0.0012625309,-0.03674429,0.002189914,-0.07828,-0.07485299,-0.013841499,-0.015351315,-0.025439942,-0.049817424,0.0025207058,0.0009863633,-0.044795036,-0.007295893,0.020810658,-0.07425951,0.03167461,-0.005540473,-0.020740334,-0.029323597,-0.019683827,-0.07969934,0.032230087,-0.0031243854,0.05036154,0.018610168,-0.006837019,0.035620533,-0.039414853,0.00011354392,0.012105151,-0.011124948,-0.041309997,0.08080742,-0.039625194,-0.03192987,-0.00011846091,-0.025954507,-0.02665888,-0.03159838,-0.06924929,0.032716617,0.030088462,-0.007856924,-0.022178289,-0.020153116,0.05740883,-0.024370778,0.006294149,0.020073043,0.029016504,-0.009615473,-0.0338876,0.031797532,0.037245944,-0.015460783,0.018870207,-0.022623159,0.051747456,-0.0059799366,0.08154948,0.029488634,0.028194403,0.015063246,-0.045596227,-0.029011492,0.051319525,0.028733924,-0.031719532,-0.09833425,0.014267578,0.016904544,0.014744218,0.04492414,-0.01282916,0.07813317,-0.0014861869,0.041630983,0.017732004,0.0037788993,-0.03892913,0.026204413,0.031563,-0.04206282,0.005264965,-0.036867604,-0.0172086,-0.071603075,-0.013831519,0.06091522,0.041048784,0.012921732,0.040592276,-0.0075491476,0.021143148,0.023608994,-0.00591062,-0.024811052,-0.036522944,-0.014895443,-0.015517328,0.0046309913,0.025640784,0.029721167,-0.036418635,0.019042715,-0.004414882,0.08020711,-0.01802712,-0.0112601165,-0.019443104,-0.04249588,-0.025471983,-0.03627867,-0.06749046]'::public.vector),
('7cf65ba7-9c47-3812-8226-40e8f472376a'::uuid,'Issue unresolved after multiple contacts, needs escalation','{"model": "gemma3:270m", "action": "UPDATED", "source": "PERSON_NOTE", "personId": "08bea83a-c064-4d16-b669-80119411002c"}','[0.04912804,0.018006135,-0.16965765,0.0007377545,0.09324891,-0.008465985,0.021250196,0.0016905006,0.02970873,-0.0076861805,-0.0705583,0.009193139,0.044280507,0.032484826,0.0252583,-0.024683492,0.05417267,-0.06792775,-0.11343207,0.010767619,-0.01353631,0.0072385506,-0.0010618655,-0.015987184,0.035953887,0.03684981,0.056054097,-0.00018834231,-0.05643214,0.013685466,0.035067905,-0.029908225,-0.033307955,-0.018091429,-0.07549311,-0.010119237,0.048021626,-0.032699812,0.0138963945,-0.019600859,0.050608035,-0.006227556,0.027319517,-0.021331882,0.07443155,-0.004633291,0.045070928,0.050772347,0.052950356,-0.035170205,0.024618162,0.030410837,0.0022483498,-0.033561606,0.016184196,0.07198628,0.002902736,0.024592636,0.015460424,-0.023504058,0.061664484,-0.00097404706,0.014803285,0.08340086,0.022788001,-0.06190624,-0.036352318,0.04558351,0.023504758,-0.11078127,0.007443325,-0.026078343,0.045774523,0.04103675,-0.028925966,0.0048085228,-0.0073147956,-0.053650968,-0.022272432,-0.012261443,-0.01088807,0.005619185,0.08268002,-0.028807819,0.009271995,-0.0043401257,-0.0074999654,-0.02793201,-0.044553053,0.057698034,0.013591018,0.027573092,0.0033504802,0.017929778,-0.08138785,-0.026824478,0.0061410717,0.031209832,-0.039776046,-0.038495842,0.0067454786,-0.045088675,0.040466923,-0.03384863,0.035315357,0.050933886,-0.028489467,0.030780993,0.047226187,0.004238755,-0.06500966,0.06708762,-0.038544808,-0.03142021,0.036058877,-0.013316696,-0.022423746,-0.015429546,-0.0056876317,0.0020894138,-0.03011357,-0.045928963,0.012700494,0.014400977,0.019383134,0.027633801,0.018597027,0.0019233454,0.02035941,-0.004220578,-0.067717046,-0.012177462,-0.00782401,0.03962737,0.00052819744,0.007878916,-0.046477716,-0.042137384,-0.05474846,0.04463732,0.055426072,-0.029491978,0.020550223,-0.0012425041,-0.020768452,-0.043828942,0.02116356,-0.051860362,-0.0008114974,-0.0075934,0.00746849,0.0078739,0.018865315,-0.0083201965,0.036400106,-0.037850983,0.01928543,0.0071060704,0.0252905,-0.004281339,0.046951104,-0.048007265,-0.07570256,0.05889985,0.017697703,-0.01168506,-0.040779404,0.03984561,-0.0019854044,0.0240809,-0.03828057,0.006871303,0.0022465854,0.0123681575,0.030219877,0.026365321,0.049848877,-0.04837903,0.006433549,-0.007547831,-0.017739156,-0.032496694,0.015647812,0.040040083,-0.043638207,0.029842528,-0.011211248,-0.019411286,0.012610815,-0.051886838,0.01589535,0.03563676,-0.08643553,-0.017014205,0.042420685,-0.014560571,0.07501292,-0.034359198,0.04426362,-0.039062988,0.012001575,-0.0026117882,-0.0024011696,0.02768198,-0.067752935,0.029304449,-0.015806291,0.02811659,-0.01880043,0.010772476,0.044703495,-0.060124647,-0.03231853,-0.0048116925,-0.05424347,-0.02665718,0.03874515,-0.0090693785,-0.019155072,0.024334675,0.024048839,0.015828779,-0.017742142,-0.028844194,-0.0014150593,0.00788705,-0.05536998,0.004865331,-0.010867465,-0.010271135,-0.026065173,-0.10007915,0.048849482,0.0017263966,-0.017019615,-0.012747646,-0.0047572786,0.0087452065,-0.019827802,0.041344106,-0.019528886,0.021728856,-0.003381542,-0.00097310863,-0.01498808,0.014304274,-0.0342006,0.04959072,0.020726144,0.03631202,-0.019794019,0.01309576,0.044621367,0.039230186,0.019733619,-0.041539423,0.014612432,0.017114086,0.0023665058,-0.02827917,0.01520885,-0.037612267,0.045403067,-0.07471471,-0.07599522,-0.030312689,-0.009029071,-0.025925837,0.0050911373,-0.04835832,-0.014652832,-0.002865312,0.024849456,0.07912951,-0.006172592,-0.010253332,0.04416063,-0.06968247,-0.0024781027,0.04949782,-0.018872896,-0.019948928,0.021278488,-0.016614242,-0.025096253,0.029339738,0.0510148,0.03046085,0.0049805064,0.033777215,0.053931013,-0.024411602,-0.008895847,0.05498863,-0.065544605,0.041122727,0.023527987,-0.03664792,0.018902374,-0.052277185,0.051496204,0.019728664,0.041754838,0.004758443,-0.023952486,-0.06891312,0.017316924,-0.0013743179,-0.027062206,0.010416677,-0.038053982,0.014938991,-0.04407232,0.014029693,-0.05350306,0.052641857,0.09254277,0.039113943,0.045134444,0.032898962,-0.06298188,0.014820975,0.044100754,-0.0442246,0.014990506,0.055836312,-0.018468123,0.021432579,-0.018752674,0.013891893,-0.010019378,0.030448187,0.08048109,-0.06990896,-0.03388687,0.026816782,0.012214045,-0.016975125,0.03958159,0.022473812,-0.021313502,-0.047527913,-0.026893245,-0.030500852,-0.021308688,0.021265792,-0.017210731,-0.034789562,0.0065531647,-0.010516054,-0.017713593,0.0145404255,-0.010180444,0.009805403,0.018575402,-0.0020351664,-0.004606208,0.02793289,-0.041324858,0.0038611242,0.077414334,-0.0004431333,-0.0055756373,0.029922863,0.036155276,0.05964449,0.05415551,-0.0024413588,-0.0051653027,-0.031428557,0.023889778,-0.034753334,-0.0764541,0.06299619,0.026628975,0.010751415,-0.043733288,-0.065361254,-0.029157259,0.04590749,0.055482555,-0.045821004,0.0001751907,0.012154518,0.026651131,0.052114606,0.0075795804,-0.020637888,-0.06431055,0.07681401,-0.033801086,-0.04040113,0.00899259,0.0028367818,0.017644767,-0.039917443,-0.00471076,0.014010037,0.012986751,0.007959103,0.005262543,-0.09299084,0.021448076,0.0048215752,-0.01743918,0.018951166,-0.019667167,-0.044406023,0.0440779,0.006438856,0.032677077,0.055092946,0.005031535,-0.04648925,0.020906555,-0.00943623,0.071204126,-0.01059881,-0.004693014,-0.021280836,0.019875785,0.028047523,0.011000967,0.006360003,0.037254702,0.050633576,-0.012356902,-0.012333636,-0.03154216,-0.028038867,0.010559103,0.029921258,0.026570387,-0.010032544,-0.035952225,-0.025292998,0.011280072,0.05226435,0.0058397087,0.05622522,0.042680837,0.008448432,-0.030338861,-0.054824065,0.034971002,0.04660618,0.01746356,-0.031753693,-0.015253117,0.0168232,-0.016076526,0.0028987827,0.005124609,0.0035362775,0.029768439,-0.052341256,-0.015771963,-0.0011340929,-0.022907782,0.042663503,0.061432026,0.038125128,-0.05450015,0.0065286173,0.016045706,-0.05240592,0.03926702,0.0055327285,0.061311197,0.06503483,-0.052450787,0.01986568,0.067267254,0.021388233,-0.029426288,-0.042087685,-0.04275462,0.03736361,0.003770344,0.06909116,0.05879622,-0.0016481404,-0.034734182,-0.034991775,-0.057433523,0.03650672,0.0011616785,-0.035564903,0.019563373,0.021682758,0.06366963,0.023463832,-0.009498045,-0.0017941667,0.0070785303,0.027102668,-0.047465723,0.049983203,0.028096963,0.02204488,0.013091148,0.019352412,-0.0019904412,-0.0024817088,0.044456694,-0.0018700085,0.02970382,-0.048715692,-0.035816763,-0.008025156,-0.041018087,-0.04455597,0.027196405,0.020850435,0.024141205,-0.012522573,0.012088333,-0.037691608,-0.04511879,-0.0046814233,0.013694935,-0.03325108,-0.018052075,-0.040673625,-0.029964138,0.0072846035,0.030798342,-0.07701847,0.012193362,0.0121465,0.04239708,-0.010284575,-0.03273278,-0.031149155,0.052720785,-0.025348986,0.03446107,0.016314458,-0.00035913265,0.06651968,0.0029225312,0.035567947,0.020289116,0.019899895,0.031382583,0.007676889,0.009661711,0.039179858,0.02016394,-0.047312953,0.027923392,-0.044543143,-0.032645714,-0.038216185,-0.030206624,-0.047372844,0.035374083,-0.014773096,-0.014866587,-0.013725013,0.023284659,-0.0005129554,0.021191219,0.0496247,0.0043383115,-0.040840484,-0.034360845,0.06003229,0.0064114383,0.0010089934,-0.00378718,-0.019974682,-0.010819457,0.011795664,0.027171183,0.05633968,0.004766857,-0.028924514,-0.01999814,-0.012179948,-0.022755075,-0.012391065,0.0006540071,0.053984683,0.014869446,0.026161421,-0.053108335,-0.06356664,0.07442378,-0.042727217,0.0012128217,0.018283512,0.005678644,-0.04425821,0.0154185165,-0.0035978847,-0.008317174,-0.039700627,-0.024509115,-0.0020015535,-0.005074268,0.051780358,0.021022065,-0.0131433485,-0.03889824,0.006461645,0.00293954,-0.009035995,0.010351715,-0.039534673,0.036078226,-0.03479114,0.036700808,-0.019080989,0.029291067,-0.032249797,0.09424509,0.005675575,-0.012881246,-0.0742375,-0.033510644,-0.050598364,0.07052032,0.007075044,0.015856778,-0.047881737,-0.011677275,-0.056135815,0.0076583396,0.05489008,-0.011673251,0.036481187,-0.015884819,-0.04295268,-0.06300774,0.0016501395,-0.0069975904,0.013028807,-0.0354507,-0.011852819,0.05395277,-0.028893026,-0.0020722363,0.049024727,0.05714213,-0.07286653,0.027225662,0.06199526,0.009407326,0.03999866,0.0750251,0.06493027,-0.0042916466,-0.023137135,0.0077969613,-0.036493868,-0.008007897,-0.036368188,-0.060462363,0.018203225,-0.011330018,0.038020276,-0.035707172,-0.015992722,-0.011089882,-0.015837962,0.032085303,-0.024235183,-0.043467388,-0.07071336,0.018042898,-0.020140328,-0.015331303,-0.03492399,-0.0115441475,0.004130382,0.048391633,0.026644878,-0.0039617065,0.04281836,0.033546858,-0.016863795,0.024291305,-0.0024550513,-0.02653237,-0.026913632,0.016233882,0.0053803716,-0.059661817,0.0012768956,0.012702756,0.031049794,0.00031305445,-0.021443984,0.0070064925,0.016269004,-0.016709944,-0.051802,0.0047179167,0.022731941,-0.05568938,0.024785768,0.0070640263,0.056341868,-0.01893642,0.037316993,-0.04300882,-0.010101182,0.050697338,0.016495,-0.029684126,0.0347719,-0.0597621,0.01435015,0.01827464,0.00014001364,-0.01823746,-0.037545037,0.010483654,-0.011847881,0.04822112,-0.04275715,-0.06711155,-0.045127653,-0.040656473,0.005939453,0.009853824,-0.08379506,0.056683876,-0.019102855,-0.020882078,-0.014685662,-0.017345486,0.022654425,0.011670488,0.00754503,-0.018192895,-0.02758132,-0.085992604,-0.09623139,-0.066737056,-0.025201328,0.004264324,0.030503314,0.010495206,-0.0052544437,0.017828757,0.07838681,0.036290657,-0.02093354,-0.028324213,0.019361237,-0.019401414,0.031858746,0.018743213,0.019050185,-0.002541072,0.010729127,0.058840226,-0.007900029,0.0029277615,-0.040410347,-0.017148305,-0.005696461,0.008036783,-0.011972445,-0.03044505,-0.060035646]'::public.vector),
('b713d461-2055-3c41-979d-0a2ef311e663'::uuid,'Very satisfied with customer support response','{"model": "gemma3:270m", "action": "UPDATED", "source": "PERSON_NOTE", "personId": "c3c954b5-af10-4de7-ba94-d644fa140d24"}','[-0.009664851,0.024956774,-0.16155834,-0.027169898,0.07776395,-0.02170957,0.02107788,-0.01561644,0.04473665,-0.029574236,-0.04379776,0.04913257,0.0081077,-0.014854587,0.019618027,0.021775933,0.03393558,-0.04847493,-0.078080185,0.028041676,-0.010186211,-0.011698853,-0.04862893,-0.0547733,0.07668855,0.047810834,0.026776463,0.08008074,-0.041603975,0.012133108,0.03304339,-0.0008286784,0.024785668,-0.014427376,-0.088889256,0.045169227,0.036399633,-0.014325331,0.012585268,-0.004694703,0.03394896,-0.0031957133,0.012501746,0.0039766976,0.047350112,-0.019828184,0.023647007,-0.0015707271,0.04804597,-0.036449805,-0.019895202,0.0044505317,-0.033238295,0.015869992,0.049815986,0.0360455,-0.004267109,0.013308422,-0.07134306,-0.013743648,0.017731281,0.038114186,0.0004926193,0.067861095,0.045547217,-0.04017248,0.013290643,0.045380577,0.017263427,-0.026719006,0.049337003,-0.01670072,-0.013760006,0.008689778,-0.01382483,-0.07696008,-0.018298507,-0.016058063,-0.03727603,0.0072499067,0.026685622,-0.03530322,0.036153406,-0.007987406,0.039637532,-0.0071340017,-0.0008263972,0.023210462,-0.03065904,0.0829262,0.008712723,0.008710863,0.04273681,-0.014890953,-0.053070836,0.014083805,0.0026059148,-0.0129006645,-0.035442017,-0.028020618,0.027109364,5.6856483e-05,-0.009652969,0.022128819,0.030647246,0.064021386,0.015920267,0.049344484,-0.0018548785,-0.006117952,-0.027309084,0.031678006,0.0025734233,0.0014607625,0.04171173,-0.008445149,0.032275695,-0.041548733,0.026929552,0.027895456,-0.007100104,-0.03295517,-0.018301547,0.0020212324,0.018491058,-0.019080695,-0.048461527,0.037837096,0.027650356,-0.0012941234,-0.026120659,-0.010512448,-0.010965322,0.003933781,-0.015458049,-0.003148764,-0.040891588,-0.019209528,0.032106664,0.0050879563,0.059414957,0.014006916,-0.011256914,-0.022085639,-0.0011657546,-0.042504765,0.019433372,-0.007729334,0.03232369,0.0229273,-0.060635127,0.013216729,-0.0261974,0.024769902,0.031989735,-0.07151014,-0.0063517317,-0.012740018,0.01076869,0.008628149,0.03767053,-0.007451236,-0.0533275,0.010001663,0.05318865,-0.048303295,-0.02419242,0.010882826,0.0025945555,0.034861423,-0.04690038,-0.023538865,0.0028662453,-0.0026026387,0.051415626,-0.030741416,0.03160464,0.02495485,0.029235084,-0.029930688,0.011199507,-0.0268448,0.07699763,0.006336928,-0.04781438,0.014580286,0.036281295,0.011385913,-0.021514328,-0.063617304,0.010692906,0.016126104,-0.066019796,0.0065154247,-0.017484078,-0.009397233,0.05230603,0.007979084,0.013538766,0.007365704,0.00048198647,0.030994007,0.002906852,-0.04291498,-0.022102462,0.046213586,0.049529456,0.0012203385,0.04223,0.0009839416,-0.008283055,-0.028959172,-0.035802197,0.005530901,-0.00024683616,-0.030667584,0.04421744,0.010131644,-0.034716297,0.024624057,-0.0016690063,-0.016950445,-0.019422507,-0.047315653,0.026351493,0.0012241745,-0.029800445,-0.016476834,-0.023727072,0.013159991,-0.0076903384,-0.06871535,0.0393602,0.0007288609,-0.007700513,0.0017311412,-0.039525773,0.040439915,-0.003212588,0.017993005,-9.990551e-05,0.07086144,-0.010031643,0.05344663,-0.05832787,0.04895517,0.0033915234,-0.009407763,-0.015122686,0.03143023,0.03105295,-0.012431289,0.056171294,0.0031074684,0.05040492,-0.08039891,-0.00058145256,0.00045371562,0.04780564,-0.018616164,-0.011136347,-0.046490464,0.028420689,-0.024162427,-0.0061622444,-0.06875304,-0.02276166,-0.036798485,-0.0034563094,-0.037461363,0.06263685,0.0013708783,-0.006722369,0.102456756,0.01110944,-0.00518436,0.030384641,-0.008622757,-0.016067632,0.0056189243,0.01721452,-0.058910344,-0.01932735,0.018963702,-0.012381367,0.019287817,-0.0003501613,0.0029970733,-0.0023383272,0.037965156,0.044656314,-0.0019737273,-0.045865253,0.055190735,-0.07602277,0.035941385,0.082535416,-0.04375706,0.02773839,-0.035354774,0.019538773,0.018820144,-0.031307712,0.0011622146,-0.031880155,-0.0126546845,0.025555357,0.02530747,0.019221945,0.015132918,-0.07763046,0.0037220742,0.0045626177,-0.015710246,-0.079834335,0.016668137,0.006488709,0.0069497004,0.043552678,0.0010460416,-0.014647234,-0.014453586,0.019521855,-0.027593138,-0.039757483,0.015739856,-0.019029757,0.08865617,-0.0028339324,-0.007228774,-0.026644235,0.03740552,0.043643635,-0.057375804,0.017270295,0.010255114,-0.011766049,-0.0024452899,0.022477437,0.04077063,0.0030093165,-0.009947695,0.019654902,-0.015760977,-0.02308339,0.012445532,-0.077968985,0.0162671,0.060382545,0.027580868,-0.032415014,0.021615863,-0.00215305,0.018888153,0.055500902,-0.032636315,0.0030823848,0.04913169,-0.0059596226,0.002477324,0.07764027,0.035705853,0.04210615,0.02865137,0.016235434,0.04984363,0.041923404,0.014218778,0.011217336,0.012186618,0.037879154,-0.072904296,-0.03456703,-0.024512365,0.06390856,0.0010304797,-0.08499616,-0.07338904,-0.024552181,0.0358063,0.018045751,-0.03687042,-0.019876055,-0.011590189,0.0013343235,-0.0018254681,0.018543474,0.004338072,-0.024239914,-0.025689771,-0.037630044,-0.051999312,0.0023965915,0.008903683,0.018606434,-0.0257954,0.048759457,-0.078190506,0.04576708,-0.009898138,-0.05081931,-0.037825283,0.0065473584,0.023850765,-0.049353298,-0.005630142,-0.016938668,-0.043009166,0.06911602,-0.014579825,-0.023112634,0.0064539504,-0.043045327,-0.079828165,0.025947394,-0.014137815,0.04738928,-0.03025858,0.031120587,-0.02701054,0.06629847,-0.021255156,0.05555287,0.027087612,0.03342717,0.0057536266,-0.0103068715,0.030820362,-0.0063583395,-0.053402804,0.049175497,0.03986338,0.06789728,0.007866169,-0.028731177,0.021513073,0.020030346,0.032993183,-0.014905916,0.019746223,0.029260697,-0.011067523,-0.018935304,-0.053339615,0.016438877,0.0866649,0.03038346,-0.04099257,-0.025364185,0.013146909,-0.006098819,0.00056688895,0.015907126,0.021957457,0.07349735,-0.014009415,0.05894299,0.04246211,0.012222851,0.049440846,0.038877033,-0.00087584637,-0.036374815,0.0010842918,0.007944081,-0.022971442,0.04852252,0.018441547,0.035895977,0.045389593,-0.038438868,0.019618325,0.057424676,-0.047545422,0.009174294,-0.028539967,-0.0483381,0.016957903,0.028273575,0.09649539,0.053222608,-0.038743332,-0.005859381,-0.06257325,-0.028426632,0.03710606,0.03339526,-0.008542222,0.013175565,-0.009563233,0.0034618473,0.016926827,-0.01066697,-0.02455244,-0.022572435,-0.033396874,-0.094746485,0.0122304475,0.013234605,0.022522338,-0.0017588445,0.0011771517,0.015534645,0.054026477,-0.00092384795,-0.0008738724,0.04195094,-0.058483254,-0.03711337,-0.050321262,-0.07420034,-0.013391899,0.054408878,0.048785385,0.02334295,-0.027364064,0.019046208,0.013928372,-0.052774835,0.06642415,0.03368262,-0.02051902,0.03446194,-0.06497191,-0.049789134,0.0006434107,0.02099163,-0.04715071,0.031544518,-0.033950806,-0.0033604114,0.108974725,-0.021040693,-0.060482852,0.01991089,-0.043859985,0.01741131,0.008995179,-0.001717918,0.022671195,-0.025919551,0.013315326,0.01002754,-0.014682208,0.03111301,0.015676778,-0.032882705,0.034546584,-0.047237195,-0.049619786,0.028347878,-0.051970236,-0.0039405175,0.0035016728,0.039740562,-0.00958242,-0.015388983,-0.019672003,-0.0143568115,-0.03632497,-0.04914054,-0.010625864,0.00031352692,-0.018301673,0.03019653,-0.002693957,-0.012232173,0.037353314,-0.05479888,-0.012204972,-0.043990333,-0.01951958,-0.0047299345,-0.021895373,-0.038088728,-0.014742355,0.047536056,-0.03526109,-0.09303519,0.0073882295,0.009035798,-0.06782521,-0.0010091163,0.0848562,0.0014323582,-0.003742068,-0.031341944,-0.050502453,0.023259616,-0.03917872,0.0037437386,0.019103548,0.028487874,-0.0012820067,0.025432136,-0.014536497,0.010716641,-0.02916629,-0.018950284,-0.024161125,0.046199225,0.034909874,0.05603317,-0.068379246,0.018993722,-0.004210945,0.006989798,0.04010389,-0.008762365,-0.043412514,0.016911415,0.045252822,0.037589855,0.014078664,0.060727116,-0.044371974,0.064912856,0.016103333,0.008513556,-0.06086239,-0.06350979,-0.089173086,0.042188782,-0.049401157,0.037308704,-0.027935667,-0.015238307,-0.03875425,-0.027812395,0.03065916,-0.030162696,0.03663056,-0.0352656,-0.0055698124,-0.049878303,0.028902551,0.055235997,-0.026039936,-0.036746915,-0.025143355,0.040558282,0.014911471,-0.017310489,0.033147484,0.042745173,-0.027645133,0.030258644,0.08258985,0.0064409985,0.0051055555,0.079207994,0.06515293,0.07190243,0.029393904,-0.015852079,-0.06770236,-0.011589507,-0.053956673,-0.08804135,-0.03466274,0.025698531,0.0031541167,-0.07486139,-0.000113670794,0.013646544,0.0030749515,-0.074777074,0.011955061,-0.053994354,-0.041525926,0.03526629,0.026546506,-0.00013163035,-0.021048086,-0.016505936,0.048960794,-0.008993209,-0.0047675744,0.024641765,0.03177247,-0.008973467,-0.034334157,0.003507321,0.0055195424,0.02841553,0.016088793,0.045394145,-0.028708132,0.029744573,-0.015299834,-0.05119523,0.0080620935,-0.023994002,-0.028432122,-0.0042196033,0.028649773,-0.029860513,-0.027242314,-0.057686597,0.023718027,0.0019181567,0.0062645613,-0.0046071336,0.034941077,0.040470872,-0.007941559,-0.009151869,-0.033851862,-0.026241189,-0.030490685,-0.03020436,-0.016645566,-0.04310892,0.05950621,0.05077494,0.034083776,-0.0360238,0.01735327,0.0066239643,0.051084694,0.042189375,-0.023651848,-0.055020552,0.028418673,-0.03123581,-0.011093426,-0.008349259,-0.08007245,0.033922408,0.012391189,0.03854013,-0.02465045,-0.054622255,0.019097533,0.02023928,0.008128543,-0.027121633,-0.016519768,-0.045047354,-0.035288278,-0.058727793,0.006714241,-0.015340392,0.08953437,-0.026295226,-0.05032641,-0.044567585,0.042237535,0.0034073843,-0.017939905,-0.021180043,-0.01996779,-0.073595956,0.017553862,-0.0018715034,0.024977338,0.053308416,0.029154237,-0.017620616,0.017693395,0.013619244,0.036980905,0.035057526,-0.022840742,-0.02253412,-0.03212335,-0.054711178,-0.004296638]'::public.vector),
('8cbc0457-ca66-3b03-9803-1c7b74b6ecf6'::uuid,'Cannot access account after password reset','{"model": "gemma3:270m", "action": "UPDATED", "source": "PERSON_NOTE", "personId": "1772723a-cfdb-475d-810a-4a1b01f8d5d8"}','[0.011775799,-0.013642892,-0.13605852,0.047387384,0.075249486,-0.026101649,0.021387635,0.0034910233,0.06928172,-0.019203028,-0.10278648,0.109584406,0.03886647,-0.011490443,0.031125482,0.014899496,0.035093676,-0.037230868,-0.039362464,-0.050496183,-0.021269642,-0.038497318,-0.071180016,0.009821281,0.07065401,0.021710422,0.04098478,0.04485185,-0.07972196,0.024177918,0.05467838,-0.035669174,0.017832194,0.011631254,-0.04689615,-0.023180468,-0.0032753518,0.019589402,0.000121830984,-0.05007991,0.018942844,0.019139908,0.015599281,-0.02176377,0.0067257327,0.050031587,0.05087569,-0.0011651661,0.04488471,-0.019064019,-0.010514594,0.02410561,-0.048743945,0.014119197,0.066971526,0.012271015,0.053141993,-0.033475496,0.008519557,-0.03563302,0.053461004,0.06545537,0.019423932,0.09483302,0.010513901,-0.01990493,0.009697059,0.075909235,0.025082184,-0.061293755,0.04016515,0.015060946,-0.053570416,-0.0033200209,0.025810398,-0.023150846,0.0020592571,-0.05488567,0.00886967,-0.015960434,-0.009485006,0.014924876,0.067516536,0.04215659,0.035380073,0.016718617,-0.0062247016,-0.02901667,-0.018541323,0.0038730113,0.010383586,-0.010425433,0.033682737,0.039759926,-0.048910648,-0.02006646,0.009194871,0.01129986,-0.051121954,0.027907753,-0.009805322,-0.038939416,-0.011409029,-0.014434993,0.05077919,0.033610817,-0.0042559328,0.0019460297,0.013794698,0.06257522,-0.05269067,0.033116534,0.032001633,0.04531756,-0.0133037055,-0.026815105,-0.0047064275,-0.06624483,0.020825222,0.018714348,-0.044144057,-0.008817782,-0.013998034,0.04934725,-0.020730622,-0.0087031415,-0.039998475,0.033106104,0.006983822,-0.03814909,-0.003374521,-0.0076152966,-0.030382117,0.03719163,0.03962421,-0.027329067,-0.011051538,-0.040651307,0.0028893386,0.01907948,0.00016853063,-0.0026180698,0.006658134,-0.06156574,0.04854829,-0.04697199,0.065197825,-0.023116006,-0.067082204,0.033055667,-0.0064605344,-0.03785326,-0.024147235,0.039213028,0.025739549,-0.05167216,0.026301058,-0.01931295,-0.0026750448,0.06414419,0.016609676,-0.01638365,-0.031230759,0.036168523,-0.010426737,-0.055880047,-0.032718748,0.03374335,0.004802693,-0.023003697,0.012504861,-0.00802299,-0.058494378,-0.06328125,-0.0084920395,0.01720818,-0.008457268,-0.019417452,0.050318815,-0.012000659,0.029366784,-0.02685138,0.11919615,0.04587191,-0.027123809,-0.03480513,-0.0028299582,0.0033732688,-0.006489062,-0.072196536,0.035794787,-0.008935515,-0.04043367,-0.002347684,-0.009922845,-0.028502839,0.042305835,0.04986271,0.008383202,-0.050607763,-0.03280307,-0.01778205,-0.0001303948,-0.05874007,-0.01136959,0.036408525,0.024231406,-0.025217569,-0.032655228,0.015732322,0.059297968,0.009704595,-0.03238383,0.011467057,-0.009205062,0.016120646,0.021804454,-0.058708675,0.0045201536,-0.0029184376,0.030551419,-0.010465916,-0.00676284,-0.037003968,-0.0013054484,-0.0038040294,-0.060545597,-0.04149285,-0.015694406,0.031654406,-0.02560303,-0.03522854,0.032014452,0.03705638,-0.020216443,0.02344722,0.006572506,0.07852888,0.0023883332,-0.06579928,0.015811533,0.058955595,0.020962954,0.05757241,-0.03661255,0.064238906,-0.0061242436,-0.028720684,0.023464074,0.010386688,-0.013472567,-0.00010097216,-0.012935287,-0.007506437,0.0105743185,-0.038357798,-0.01725415,-0.020034026,0.008680459,-0.034625754,0.023420729,-0.015210563,-0.007181566,-0.020991886,0.017292615,-0.018326066,-0.027384482,0.0005972273,0.018663483,-0.02567888,-0.03286168,0.062226515,0.032569714,0.0869324,5.3360778e-05,-0.049047958,0.0012778331,-0.042232055,-0.024099348,0.019925825,-0.02290253,-0.014084819,-0.0073003,0.018237792,-0.010121345,-0.018617982,0.04616012,-0.0003400579,-0.0025323967,-0.011476256,0.043806214,0.0014173882,-0.06451026,0.08123416,-0.0031285952,0.010527025,0.03041986,0.021715457,-0.0076200194,-0.0089770965,0.019490818,0.035925172,-0.0069246585,-0.023686977,-0.03177041,-0.0364369,0.046285123,0.047995854,-0.0171667,7.753506e-05,-0.032563806,-0.012157619,0.0146076055,-0.016058018,-0.039608292,0.0019041209,0.02142093,0.021590738,0.01860636,-0.038782038,-0.008698867,-0.0022092543,0.061541885,0.015423669,-0.043419752,-0.029598396,-0.055134166,0.075034015,-0.08154803,-0.053612825,0.013236987,0.06841619,0.045965698,-0.033820737,0.011650748,0.030728519,0.0031149576,-0.008541857,-0.00274839,0.019288054,0.039822657,-0.02603933,-0.01623426,-0.036840852,0.023724299,0.045761116,-0.049086787,-0.061539594,0.0906367,0.033836763,-0.047825627,0.05144134,-0.016814496,-0.0018488489,0.029166354,-0.0038621207,0.025943441,0.042653408,0.011651117,-0.009713952,0.02492019,-0.04716018,0.026162887,-0.0060336357,0.016790548,0.066317804,0.017712831,-0.02523658,0.009439192,-0.036321227,-0.0029493787,-0.082359806,-0.0030540186,-0.00935046,0.010100547,0.007063869,-0.07132902,-0.06415502,-0.060137104,0.04394915,0.01874787,-0.042540323,-0.018031385,0.010581641,0.011700783,-0.0013935093,0.042618837,-0.03051001,0.007088415,0.07111288,-0.04474,0.035612874,-0.0058343243,0.0040697246,0.030972218,-0.0014596514,0.04447995,-0.025284508,-0.0048126546,-0.04180504,-0.04495073,0.019530267,0.0014583837,0.017338885,-0.02874441,0.06915739,-0.01416005,-0.03260373,0.037753075,0.017920442,0.007244337,0.008353503,-0.012742644,-0.04566126,0.010483356,0.017199662,0.040857643,0.0027042395,0.013058533,-0.042597275,0.076882675,0.02042826,0.069808945,0.020536307,0.014517574,0.006356651,-0.003811232,0.045388073,0.011629857,-0.08831813,0.03477904,0.042420387,0.0068994076,0.01839927,-0.051275894,0.008671959,0.07161627,0.014249474,-0.011935765,0.0014331308,0.038058244,-0.011340762,-0.057036374,-0.010864651,0.03946535,0.07565993,0.06341558,-0.016812341,0.029018093,0.006694832,-0.02953503,0.012406877,0.042627685,-0.007037487,0.084277555,-0.09034525,0.008044254,0.047428552,0.013199481,0.024463682,0.018988468,0.03809691,-0.018482996,0.021701645,-0.046618216,-0.058649786,0.03983038,-0.00375982,0.026794616,0.06811047,-0.0044293986,0.022813465,0.039739463,-0.021570977,0.003469724,-0.0008213066,0.022538545,0.032397814,0.03449493,0.083100505,0.025672942,0.035178017,-0.01633955,-0.013384543,-0.0001152916,0.027647372,0.041013684,-0.030070987,-0.024533553,0.008715608,-0.0015931212,0.024998143,0.07579246,-0.005410153,-0.03000286,0.020269644,-0.1006418,0.03889188,0.0040526846,0.021297818,0.018499307,0.04142953,-0.002048547,0.0063669896,0.029672261,-0.03516646,0.020673186,-0.053393617,-0.021906644,-0.026420172,-0.064331256,-0.052502025,0.018593471,0.056708384,0.076335944,-0.0110312505,-0.006034546,-0.042308398,-0.06691033,0.0047431695,-0.0046329256,-0.017909205,-0.034702305,0.017662406,-0.064940035,-0.0260696,0.045176297,-0.0021277412,0.017300585,0.020337814,-0.012773336,0.015500597,3.793221e-05,-0.035302006,0.045338105,-0.006877299,-0.019222658,-0.030117813,0.008098795,0.056967348,0.010876682,0.032408822,-0.00058079127,-0.025367564,0.013786211,-0.03660006,-0.018118678,0.03386599,-0.035188086,-0.04237962,0.021746224,-0.030248893,0.015475032,-0.034489512,-0.032904007,-0.02698999,-0.0024582604,0.0299709,-0.027617093,-0.04051709,0.017608436,0.016533917,0.028248096,-0.022126237,0.027767232,-0.054310393,-0.014210562,0.0049274913,0.020199893,-0.03669507,-0.007540807,0.01283868,-0.032828163,-0.055236183,-0.02888329,0.04416065,-0.016073132,-0.03986445,0.0061524985,-0.059729993,-0.0029635115,-0.040247392,0.020865148,0.056149468,-0.03437764,-0.010732065,-0.0068472503,-0.086161815,0.0663795,0.015832655,-0.05497254,0.019136436,-0.010799079,0.014135453,0.02188688,0.044004887,-0.0447247,-0.025923237,-0.0064819274,-0.053960074,0.010894926,0.020782245,0.02411979,-0.028863449,-0.018713871,0.0567614,-0.008767493,-3.454709e-05,0.016896714,-0.021646425,0.01397458,-0.005649854,0.03343159,-0.00046081416,0.030663302,-0.04527321,0.029911505,0.07441184,-0.027487554,0.013631387,-0.042622026,-0.07812738,0.04345405,0.005451941,0.030473173,-0.010578632,0.0014341994,-0.026143758,-0.046889313,0.017998144,-0.02436438,0.042882178,-0.069237724,-0.0070223473,-0.026772868,-0.011612424,0.051331557,-0.013200526,-0.02321443,-0.013598694,-0.005250835,0.021543628,-0.021307958,-0.03494556,0.040259145,-0.026733296,-0.012972844,-0.0010144043,0.035641287,-0.03733863,0.08949411,0.051583868,-0.0030476446,-0.021056402,-0.0036850334,-0.036485337,-0.024145637,-0.018078838,-0.07867278,-0.036305044,-0.015553907,0.021978488,-0.018360984,-0.030648721,0.027334947,-0.035450276,0.025655072,-0.06939269,-0.06373625,-0.02824653,-0.010366737,0.0023886717,0.0344394,-0.009063118,-0.037708163,0.02000638,0.0633705,-0.006340398,-0.008017651,0.037091166,0.0041114027,-0.001895943,0.005798398,-0.041100524,0.021374902,0.06460567,0.04164098,-0.0012261865,0.028710824,-0.025313402,-0.06067931,-0.030932859,0.018826757,-0.041892696,0.010862366,0.018759824,-2.271289e-05,-0.044594306,-0.0069149323,-0.029105019,0.018811727,-0.022731673,0.022676451,0.0038595397,0.023459846,-0.042730585,0.011030805,0.0320992,-0.04483258,0.050068732,-0.032469206,-0.02674032,-0.019197494,0.08281865,0.06939486,-0.022376858,-0.018162996,0.0015482005,-0.0007665624,0.02164989,0.046098698,-0.013899192,-0.0733803,-0.036221664,-0.03526189,0.018578153,-0.033410862,-0.037104387,0.046322998,0.009761703,-0.013238609,-0.0026572389,-3.5214714e-05,0.0026216137,0.024387687,0.044319697,-0.0032457714,-0.029201595,-0.04796106,-0.081280604,-0.055249415,0.008208523,0.0037863231,-0.001612893,0.0077907965,-0.07611472,0.032882404,-0.0018642172,-0.055652183,-0.030935206,0.03584718,-0.046445936,-0.054436766,0.04609491,0.008661655,0.04531553,0.012415799,0.010945701,0.044460032,0.01440351,0.052286193,0.011905606,0.011623967,0.004171579,0.015486546,-0.0811734,0.010441364,0.00057436153]'::public.vector),
('910de4a9-cddc-316b-93c7-1ce8d17992f2'::uuid,'Payment failed but amount was deducted','{"model": "gemma3:270m", "action": "UPDATED", "source": "PERSON_NOTE", "personId": "88191e83-6696-4b92-a04f-997ba4c6f591"}','[0.057572562,0.025689205,-0.14899442,0.0051279087,0.041752983,-0.0029201559,0.042073213,-0.021263108,-0.007090384,-0.055124525,-0.07984478,0.036082316,0.0879291,0.031829428,0.039666977,0.025950251,0.064772435,-0.03479028,-0.048101876,0.022590123,-0.0322739,0.013997517,-0.07554318,-0.035006557,0.1078939,0.0044192127,0.003393598,-0.0139681315,-0.04250053,-0.007057957,-0.0103902705,-0.03485986,0.02323373,-0.01656458,-0.09412077,0.029488916,0.022734039,0.03581989,0.020972637,-0.07244677,-0.004753717,0.0036517484,-0.050326724,0.01635531,-0.027864495,0.059126016,0.050657038,0.027895153,0.03208357,-0.002260076,0.040072784,0.006540612,-0.020542132,-0.021319952,0.037070572,0.022986412,-0.06295107,-0.07043476,0.020490093,0.022036074,0.03571291,0.007405799,0.016840087,0.02568387,0.026826384,-0.051173702,0.002120981,0.058506478,0.017547626,0.0059249816,0.08201846,-0.0315814,0.045317255,-0.010805193,-0.00908848,0.0069511333,-0.004367046,0.012216361,-0.045398664,-0.011790323,0.0085143745,-0.024770144,0.08113809,0.015255524,0.042243235,-0.015687337,-0.004000246,-0.012084347,-0.08119213,0.06432926,-0.021678245,0.013658411,0.05402207,0.060695305,-0.07111626,-0.02432112,-0.018210482,0.01860942,-0.033089105,0.01929247,0.021535816,-0.01022236,-0.023494232,-0.018435111,0.076040484,0.038101044,0.008096507,0.005175703,-0.005195444,0.005826326,-0.031093702,0.0424505,-0.050947472,-0.0421423,0.04283963,-0.0019669936,0.046137337,-0.02848486,-0.0056277374,0.018701619,-0.018384837,-0.0174728,0.01955272,0.034068674,-0.033070095,-0.0072453716,-0.025100928,0.004791818,0.05742146,-0.030618755,0.0019191407,-0.021590237,-0.020086978,0.024319425,0.023786647,0.031315308,0.016440863,-0.020567475,-0.04671052,-0.03805476,0.01911352,-0.013503728,0.062221546,-0.0056417235,-0.00885041,-0.054013498,0.0701349,-0.004139107,-0.01674922,0.028516462,-0.060640004,-0.03529652,0.01594761,0.0139047615,0.051499993,-0.052757617,0.051619638,-0.0028099725,0.019557942,-0.0028610516,0.013340863,0.016711164,-0.07042863,0.009280813,0.029099522,-0.056186743,-0.042574733,0.0556189,0.005243558,0.029251853,-0.024758607,-0.029529015,0.026897937,-0.051743835,-0.019803984,0.018825917,-0.01842877,-0.008145978,-0.009336518,-0.019948756,0.056452498,0.004272047,0.059358094,0.02817058,-0.005730638,-0.042655595,0.022417746,0.008094787,-0.03876419,-0.0038029149,-0.01924662,0.04852609,-0.0049081473,0.017464483,-0.024666205,0.018848713,0.06370747,0.007356642,0.04663009,0.0151000805,0.0062702536,-0.020236455,0.030831985,-0.041303046,-0.05892521,0.031227302,-0.028728388,-0.01655888,0.0078394925,0.0111381775,0.052239347,-0.031759627,-0.05177096,-0.016323203,0.0010290083,0.0020309766,0.013740048,-0.038252804,-0.0049428754,-0.020895388,-0.03350119,0.010851464,0.02266393,-0.017619697,0.057467554,0.041086756,-0.034373876,-0.064034656,-0.034788705,-0.04444956,0.010278337,-0.05313248,-0.006317249,-0.012796168,0.008424953,0.04787584,-0.029209748,0.015634302,-0.013694761,0.013452115,-0.012295627,0.013831095,-0.02193159,0.010186578,-0.061938673,0.041820135,-0.03533622,-0.026701199,0.029291982,0.029177783,0.0052923462,-0.012672343,0.05690625,0.052255422,0.002240091,0.045324616,-0.087073624,-0.015036788,0.038268033,0.022615133,0.0035199577,-0.018073957,-0.0050320346,-0.029592277,-0.06265177,0.010704338,-0.038355812,-0.062069606,0.026294887,-0.04969692,0.0061473167,0.018181333,0.029844012,0.08870738,0.028397107,-0.010766214,0.00957847,0.009229483,0.023570083,0.039314725,-0.026067168,0.0075685023,-0.028232947,0.01952965,0.007920443,-0.04825263,0.050083794,-0.0034632827,0.018166112,0.08057453,-0.036827803,0.020499371,-0.05684296,0.05686102,-0.0036121032,0.018114807,0.028812476,0.013381799,0.03405279,-0.06713748,-0.013638075,-0.0010611303,-0.049655993,-0.0017031145,-0.010937827,-0.04325735,0.03893069,0.007219399,0.033910286,-0.023814635,-0.032863125,0.004520976,0.011649437,0.005787931,-0.03180588,0.016865961,0.022535753,0.034008835,0.03809019,0.00927575,0.0395163,0.009967029,0.007050991,-0.024078634,-0.0048983805,0.011464924,-0.031940915,0.022737876,-0.018761728,-0.015969267,-0.035215016,0.031553943,0.022529997,-0.048032608,-0.019644637,0.022220429,0.0034151992,-0.001235513,-0.005597573,0.057889983,0.029754268,0.022657445,0.045463476,-0.061623763,-0.018580372,0.027005518,-0.046722714,0.031535015,0.026942177,0.042339977,-0.005487275,-0.019449972,0.008138773,-0.053372066,0.041398413,0.004731066,0.042035967,0.07425701,-0.028529504,0.0008717876,0.051222406,0.0171347,0.026246484,0.021983264,0.00057691894,0.06428805,0.033162266,0.00061731954,-0.0068957056,-0.021643111,-0.02646331,0.001639527,-0.034499634,-0.012401029,-0.00048212806,-0.018123243,-0.029607238,-0.022206424,-0.067910165,0.03751857,0.07930418,0.0013046332,0.026413115,-0.02641852,-0.016871365,-0.038095593,-0.0035128153,-0.039973356,0.012882909,0.012722231,-0.08335058,0.04757736,0.008134042,0.022902805,0.045740597,-0.036341697,0.067422695,-0.046383332,0.022696488,-0.02152423,-0.03470398,-0.004140144,0.006644731,-0.00042561282,-0.0007980029,0.009229187,0.030337611,-0.043868165,0.031975962,-0.007642655,-0.010675461,-0.011053392,0.0021800643,-0.025849594,-0.021699179,0.0091491835,0.04753036,0.016688714,-0.011236599,0.029705899,0.06496117,0.045573827,0.01661548,-0.007491445,0.04280906,-0.0052631455,-0.049008105,0.059769463,0.014176016,-0.047178164,0.006478228,0.01851796,-0.031736314,-0.004919114,-0.006752968,0.010543288,0.05960197,0.08324856,0.005130296,0.011452113,0.0010502847,-0.013941095,-0.021815805,-0.015957778,0.04404955,0.057625663,0.0666232,-0.031798765,-0.0074302214,-0.019706627,0.0256191,0.027422054,-0.0049439333,0.030207342,0.059530307,-0.020955248,-0.012136372,0.054526296,-0.042027015,0.0778595,0.005928636,0.010932888,-0.037268464,0.006159728,-0.012774825,-0.025160799,0.070239045,0.0029285005,-0.009520668,0.039483666,-0.07381209,0.009258874,0.027202915,-0.056541998,0.05282597,0.0004965161,-0.034429204,0.016163433,0.035703234,0.061912008,0.012462225,-0.02981964,-0.03491399,-0.022786628,-0.02706949,0.08192417,-0.001987835,-0.032987878,0.05090605,-0.02268466,0.0077945422,0.020048378,0.0064986483,-0.028294265,0.0018736419,0.025367878,-0.06890732,0.03859011,0.01563206,0.06125197,-0.04164732,0.026398107,-0.028310444,0.016770866,0.057108704,-0.05652291,0.049236603,-0.044319797,-0.11111109,-0.012384819,-0.03902885,-0.023776526,0.054273207,0.014376247,0.05207112,-0.010667844,-0.0061397995,-0.0034073992,-0.0588591,0.03489323,0.022542711,-0.00054650684,-0.015121937,-0.02149842,-0.019527951,-0.072524354,-0.020399896,-0.055530794,-0.016247116,6.3702532e-06,0.011618113,-0.0067914026,-0.038563833,-0.018277906,0.028053062,-0.019864952,0.053640716,-0.0007257754,0.021815218,0.03236301,0.024020113,0.014336187,-0.0011985227,0.033499938,0.014520194,0.0042916574,-0.045236163,0.035376463,-0.00015834924,-0.0537452,-0.00037340928,-0.0037823543,-0.004473743,-0.025065953,-0.023654237,-0.0026937348,-0.015507324,-0.021936918,-0.018609993,0.007294968,-0.0326521,-0.035424564,0.03462607,0.039444134,0.04141333,-0.05266605,-0.009475162,0.023375044,-0.029333794,-0.010896527,-0.049582813,-0.04051661,-0.04880835,-0.02567251,-0.010396476,0.033037547,-0.013809874,-0.048726514,-0.0041570314,-0.04900696,0.032893967,-0.024406398,-0.014406222,0.034280777,-0.06176556,-0.043185238,-0.013457906,-0.063083775,0.050917584,-0.039645035,-0.041249134,0.020539029,0.013362246,-0.038875476,-0.017674645,-0.0024794764,0.017616738,-0.029655283,-0.002093577,0.0038425294,0.017746178,-0.017646762,0.03327546,-0.06624702,-0.014836101,0.002237829,-0.00583783,-0.0121523775,-0.03493098,0.0038660988,0.030055419,0.012669843,0.022744363,-0.000147772,0.044635348,-0.06358351,0.0735841,-0.007790796,0.004932392,-0.018352166,-0.0053043654,-0.11988661,0.06331497,-0.033999402,0.058201343,-0.06984644,0.008040771,0.010226238,0.023900429,0.0338405,-0.02241843,0.040990595,-0.067684695,-0.056119986,-0.060697313,0.030710543,0.034942914,0.05284475,0.0016468365,-0.018928612,0.015027951,0.037495043,0.004408225,0.030788176,0.034081712,-0.005381215,-0.022574022,0.030266698,0.01661807,-0.054551974,0.06805572,0.052909724,0.020002957,0.008092854,-0.04439412,-0.031857178,0.039382033,-0.00084067043,-0.055663623,-0.025248252,0.025246687,0.015098667,-0.055817,-0.0022114506,0.037070584,-0.01896842,-0.028414652,0.024215253,-0.014021782,-0.07387562,0.049753573,0.03604112,-0.032479554,-0.021747712,-0.01683395,0.042261604,0.036430076,-0.0037727423,0.021561287,-0.0010662356,0.018013714,-0.006334733,-0.015236281,-0.022604745,0.005440565,-0.044912256,0.005422299,-0.07055059,0.016520511,6.579364e-05,-0.028194664,-0.017086832,0.055139434,0.010700988,-0.00584086,0.0036335094,-0.0006028189,-0.03905384,0.022519186,0.024899956,0.016330695,0.015866784,0.011641091,0.028720748,-0.08316879,0.052009184,-0.008916871,0.049589723,-0.0147983,-0.035357043,-7.3099625e-05,-0.01864623,-0.05783516,0.06439668,0.024689501,0.049078863,-0.06188574,-0.04154386,-0.0016392843,0.017410973,0.08365601,-0.015883036,-0.050230455,-0.04412867,-0.045555983,-0.031360794,0.046932153,-0.04118559,0.036313623,-0.021784684,0.014369517,0.024674207,-0.03883476,0.024932023,0.00050466176,-0.070560485,-0.0032811062,-0.004752254,-0.045328524,-0.03791592,-0.07281587,0.0385779,-0.01895908,0.048549227,0.035276942,-0.013306978,-0.05107937,0.0245059,-0.0014905621,-0.032869592,-0.0169484,-0.020571632,-0.044693228,0.054813158,0.057660136,0.024139337,-0.023260497,0.025003541,0.07565693,-0.029093476,0.024287676,0.014806267,0.026895305,-0.04497444,0.006685796,-0.08033407,-0.015161366,-0.027740141]'::public.vector),
('6fbf4b21-fbce-36b9-ae52-b7d49bda7a20'::uuid,'Order delivery delayed by more than a week','{"model": "gemma3:270m", "action": "UPDATED", "source": "PERSON_NOTE", "personId": "a4b35a8f-5b40-459a-a671-21d33f1c978b"}','[0.00034848248,0.056488443,-0.1819433,-0.019569745,-0.016045908,0.027626857,-0.039132643,0.016699601,0.008056338,-0.036098193,-0.037211094,0.04031078,0.02881292,-0.051515825,0.05192776,-0.005423629,0.07153559,-0.025514485,-0.073040664,0.06533895,0.03311186,0.048262283,-0.03282338,-0.043373983,0.032444768,-0.0015308411,0.041830484,0.003480354,-0.010510688,0.077107735,0.00017985387,-0.08560375,-0.046832334,-0.048454046,-0.051725592,-0.0005153894,0.034419715,-0.017511178,0.0416259,0.0063980385,0.041958585,-0.0060935006,0.035308804,0.00033910832,0.06989001,-0.005550116,0.038162332,0.070479244,-0.020690178,-0.041065715,0.027036248,0.018332472,-0.08820994,-0.015827393,0.06568089,0.016856303,0.020165507,-0.006858999,-0.049270924,0.03514285,0.10159234,0.035577495,0.020787023,0.09235929,-0.0055211615,-0.040834926,-0.007651965,0.050433546,0.04124376,-0.09226221,0.06385899,-0.0010008841,0.015911711,-0.039361607,0.012522987,-0.019025607,-0.013309988,-0.006807754,-0.05173253,0.0012535591,0.007392782,-0.004951587,0.03342645,-0.0350342,0.02837878,0.04213659,-0.027171388,0.005770478,-0.028580321,0.074549146,-0.013085662,-0.006407268,-0.04244577,0.008243136,-0.05075597,0.015866157,-0.030875623,0.021798413,-0.058496617,-0.009085844,0.00035095392,-0.0033202248,-0.03086799,-0.019186985,-0.010145798,-0.009508708,-0.022859283,0.00042460926,0.008347531,0.0046145758,-0.031668536,0.005990501,-0.002964702,0.024045285,0.029960336,0.026310997,0.0038417457,-0.06726304,-0.014025981,-0.011512133,-0.04655204,-0.0010415554,-0.045830335,0.05761447,0.014897436,0.0053784344,-0.013634462,0.01260753,0.010186931,-0.008238035,0.004901488,-0.006302932,-0.024854016,0.016087316,-0.023454122,-0.044439755,-0.047108475,0.025562959,0.015385638,0.07466496,0.07285966,0.024745451,0.025153661,-0.021789875,-0.0042421105,-0.034790028,-0.007944555,-0.05914778,-0.071548566,0.0070162313,0.0072377813,0.0045962287,0.011392132,0.077966966,0.053188957,-0.02971307,0.04160822,0.07279132,0.010453968,-0.018408919,0.03605345,-0.0060728104,-0.05800533,0.027734797,0.039709248,-0.029723113,-0.016901879,0.061052166,0.016986243,0.01229123,-0.033961736,-0.01254356,-0.022933789,-0.011739376,-0.031159077,-0.014303263,-0.001913887,-0.051311363,-0.020922568,-0.032164387,-0.015418187,-0.049097903,0.018670538,0.006048325,-0.047044646,-0.029082157,-0.008501701,-0.0032321834,-0.027196607,0.012454448,0.010928403,-0.0009421666,-0.024663733,-0.055853426,0.0024570203,-0.031089632,0.054444395,0.021421088,-0.0037297197,-0.00967515,-0.0077079674,-0.023007829,0.0253566,-0.0052348594,-0.059101712,0.053491727,-0.0126479035,-0.0133026065,-0.0038431885,0.045777448,0.034588505,-0.05897374,-0.004294466,0.010214687,0.045438074,0.034589496,0.02938935,-0.009681979,-0.03692511,0.03334997,0.033272266,-0.018004717,-0.028799692,-0.01311805,0.054706942,0.013935237,0.0094368905,-0.042979475,-0.039207563,-0.023215445,-0.004238839,-0.06755813,0.008440659,0.028437672,0.0012934036,-0.00053227035,-0.0125968885,-0.013137342,0.008268757,0.00019906613,0.037292723,0.043571874,0.041667722,0.046001643,-0.07200027,0.014533819,-0.0034123363,0.0006948807,0.023645407,-0.0040355036,0.009755387,0.007879092,0.04271302,0.017081277,0.04216967,-0.008659459,-0.027127974,-0.023837363,-0.0112379715,-0.045255613,0.009651475,-0.024038823,0.10988872,-0.08274363,-0.040494177,0.024756169,-0.024617845,0.041047115,-0.019782659,-0.05454345,0.0094775725,-0.022151543,0.02200448,0.071460366,-0.008739484,0.015429111,0.05858878,-0.0442623,-0.037718304,0.057549823,-0.019842204,-0.0054822844,0.02519104,-0.041280054,-0.070829816,0.022064663,-0.04796545,0.012859081,0.016725488,-0.005351104,0.01568258,0.026443824,-0.03525131,0.056511875,0.005527747,0.062244285,0.035005055,-0.004609426,-0.0024658618,-0.069792636,0.06970504,0.04144472,0.042581614,0.036840405,-0.01067449,-0.06115429,0.037351687,0.029013945,0.031750515,-0.029145027,-0.016252067,-0.018818662,-0.044979166,0.038453408,-0.040579993,-0.05045417,0.00030191086,0.05241786,0.07699427,0.021306254,3.5922727e-05,0.0011193188,-0.0092130555,0.010645245,-0.005516223,0.0322451,-0.019197246,0.059051536,0.02026682,-0.016841382,0.0056632874,0.044000294,0.0074773277,-0.08733051,-0.006158063,0.007437397,-0.011633147,0.054621853,-0.017447978,0.013215386,-0.012554779,0.011072188,0.034825545,-0.017302165,-0.030400407,-0.030533833,-0.041752398,-0.051604606,0.029275795,0.02068762,-0.020032559,0.04114364,0.0069973557,0.04747394,0.049888734,0.02618566,0.025905892,-0.013265294,0.023145415,-0.014789399,0.06618778,0.006499832,0.025390595,-0.0059682284,-0.037415076,0.038526963,0.06642124,-0.015309838,0.050369527,0.01910027,-0.024102803,-0.020087209,0.0032241128,0.024485901,0.08666469,-0.020650677,-0.061606288,-0.08490094,-0.03952469,0.019796867,0.010227548,-0.047476847,-0.0002800812,-0.011913735,0.028529223,0.03645812,0.046745863,-0.011957649,-0.023572128,-0.01597021,-0.027612003,-0.044158593,-0.022408618,0.007924659,0.05595663,-0.020873921,0.058750015,0.019092115,0.020601306,-0.007880227,-0.035569746,-0.041044638,0.03750912,-0.013350144,-0.034201317,0.012717009,-0.0081997225,-0.03005648,0.009945908,-0.008310146,0.021827212,-0.014609281,-0.03607146,-0.035226375,-0.021226715,0.03883334,0.0892159,-0.001466505,-0.070629925,0.011036328,0.08813666,0.07214314,-0.0017855898,0.0413803,0.039180443,0.030244777,-0.03666082,0.00354839,-0.021640362,-0.060787592,0.03587178,0.04964246,-0.0037540484,0.029618599,0.01762205,-0.0059889155,0.03769752,0.03342651,0.05408807,-0.022779163,0.02441807,-0.04826231,0.021472767,0.0013289732,0.03375227,0.04958684,0.04999289,-0.060782157,0.017103834,0.01705565,-0.015134461,0.007151108,0.031149399,0.018063683,0.06356971,-0.038748607,0.03145821,-0.004722368,-0.01525869,0.06638788,0.00054984685,0.048613664,-0.05255629,-0.011603157,-0.03934102,0.0048909187,0.030745553,0.035882536,-0.0343545,0.06049417,-0.101861134,0.03683477,0.045695152,0.02169577,0.00743826,0.0040195333,-0.035580356,-0.014503939,-0.0033616005,0.05878466,0.091597795,-0.024938563,-0.035845954,-0.051180236,0.0106385695,0.028508743,0.03172385,0.010620942,0.030337114,-0.020274185,0.06621888,-0.019017927,-0.00019110506,0.017008992,0.035891164,0.021533756,-0.03483524,0.07756416,0.019676171,-0.064572364,0.015507778,0.0010626653,0.015647676,-0.025252163,0.052414875,0.0075120935,0.027473874,-0.0049910704,-0.07157985,-0.006567394,-0.0548941,0.035467595,-0.0066821584,-0.041158147,0.02977708,0.010165459,0.014276599,-0.034525156,-0.03649951,-0.004018821,-0.0029273669,-0.015255622,0.019218223,0.00492585,-0.014793433,-0.0037816106,-0.036390837,-0.061288696,0.004388446,-0.04493786,-0.03157563,0.012222379,0.0065816087,-0.053520497,0.0021671138,-0.012014285,0.04955965,-0.0018548039,0.032379255,0.011625171,-0.004821694,-0.0306354,0.012502969,0.002220019,0.008458139,-0.019187015,-0.03842823,-0.006077833,0.02969629,-0.003469617,0.0009912816,-0.02669409,-0.0119050685,-0.016019424,-0.015707672,-0.011294099,-0.028893335,-0.017595965,-0.044947535,-0.082245395,0.03975076,0.008938958,0.018124254,0.01503527,0.014028365,0.008738921,-0.01679937,0.027563017,-0.014415351,-0.018208262,-0.020528592,-0.024909474,-0.009159849,0.014249237,-0.01660293,-0.007221685,0.041453645,-0.018169424,-0.0640835,0.00543631,-0.009032986,-0.027271215,-0.008434819,0.06198127,0.035302978,8.1928825e-05,-0.0015563392,-0.058676735,0.08466046,-0.08197148,0.021504015,0.0029923262,-0.0020477832,-0.029331977,-0.0083904,-0.011932015,-0.032696713,-0.04250955,-0.01201789,0.011844395,0.021166552,0.022314584,0.043603785,-0.060952038,0.0020939219,-0.045897517,0.013265675,0.038122106,0.00945982,-0.0024397438,0.055801388,0.0039333575,0.010890878,-0.010455049,-0.014853207,-0.019176051,0.07232181,-0.025490578,-0.04396603,-0.0267405,-0.068955086,0.021482313,0.009384147,0.004680069,0.009598698,-0.038994398,-0.073444106,-0.024240598,-0.05743254,0.054170325,0.00047867463,-0.018668002,-0.036474314,-0.04485131,0.0069620744,-0.0054045715,-0.012292549,0.062705085,-0.029606964,0.011887832,0.04488439,-0.020599067,-0.0077735228,0.04700712,0.01731697,-0.057049897,0.060119927,0.04553397,0.056123495,-0.03622024,0.03310656,0.035742678,0.004021932,0.0350755,0.020813003,-0.017367959,-0.0039349566,-0.07412771,-0.05611596,-0.016482042,-0.022821655,0.018663958,-0.036892492,0.05175394,0.028735835,-0.04081291,-0.04643505,-0.054760274,-0.052561346,-0.0088433055,0.056977067,0.015644902,0.01319636,-0.039421137,0.02800063,0.01348633,0.055198826,0.036968432,0.001008128,0.013937746,-0.012537341,0.01584025,-0.017517816,0.011995459,-0.023617255,-0.012109656,0.02711616,-0.0007130351,-0.01440019,-0.041114658,0.023377756,-0.0006611309,-0.008465314,0.010108962,0.034824267,-0.017744023,0.02055262,-0.018548517,-0.015589835,-0.020017033,-0.04841511,0.06504312,0.0008905792,0.037090432,-0.00755864,-0.008346033,-0.02447561,-0.008378503,-0.03552999,-0.0014155916,7.017159e-05,-0.006763663,-0.047243383,0.06352794,0.057244338,-0.0031219146,0.03195971,-0.03981996,-0.06374956,-0.0013568487,0.04762779,-0.010271279,-0.062547505,-0.032692064,0.012413979,-0.017186,0.003580156,-0.055733055,0.018091591,-0.013095202,0.047260437,0.02824626,0.007987694,0.050042674,-0.018846061,0.056342304,-0.021257555,-0.017388226,0.012830011,-0.06393145,-0.06300296,0.02167813,-0.022394685,0.039713968,0.0059683486,0.008779967,-0.019608684,0.019637551,0.037516877,-0.022966104,-0.036474407,-0.026463304,-0.07368458,0.0006505133,-0.039805327,0.016662888,-0.0021683828,0.02839257,0.031139314,-0.0033947986,0.011195664,-0.042522505,0.016975876,-0.021752043,-0.023323335,0.0013985885,-0.036576938,-0.06812591]'::public.vector),
('8d741617-7796-3e66-95d4-a6e13389b3be'::uuid,'Asking about available subscription plans','{"model": "gemma3:270m", "action": "UPDATED", "source": "PERSON_NOTE", "personId": "6c46289d-bdfd-4690-b89c-09e2377cd33f"}','[-0.035695195,0.05416987,-0.16501112,0.023792211,0.0290734,-0.008761409,-0.015801746,-0.040515665,0.044767063,-0.013235887,-0.055249013,0.048759956,0.06741727,0.057740886,-0.011889849,-0.041520502,-0.020854909,-0.033558533,0.012699413,-0.0056077647,-0.02866859,-0.06024034,-0.041742556,-0.006354712,0.0540427,0.04160036,0.04779023,0.0147400955,-0.016989764,-0.0044177636,0.03179663,-0.028024247,0.015670365,0.0062143803,-0.06612462,-0.018593105,0.05963617,-0.012754241,-0.08167808,-0.022907807,0.007995662,-0.012528771,-0.012647461,0.0112086,0.070864074,0.005523618,0.082520455,0.030308334,0.069330834,-0.07348163,0.00787487,0.029274877,-0.039815236,0.018128673,0.04379759,-0.021579772,0.028149111,-0.008767809,-0.039991047,0.006962272,0.07686739,0.07332414,0.0045032045,0.021309666,0.068049364,-0.022937173,-0.009013691,0.018751202,-0.008626938,-0.015143596,0.053621538,-0.02071351,0.014043803,-0.032661878,-0.019728644,-0.019228822,-0.054454595,-0.01612682,-0.030122457,0.016642492,-0.001709964,0.032514006,0.07934833,0.012179052,0.058372483,-3.1768708e-05,0.062333554,-0.012074258,-0.005289033,0.036010243,-0.034383275,0.024007514,0.06004672,0.036578678,-0.072922334,-0.007357401,-0.026453642,-0.019646877,0.0029435481,-0.06820559,-0.030639715,-0.016337316,0.037744194,0.043679442,0.013584693,0.08476715,-0.04734283,0.019495552,-0.0116652455,-0.013303152,-0.0029247417,0.03426262,-0.016263826,0.040217888,0.005838937,-0.022402884,0.0027451997,-0.019477488,0.04808564,0.027699586,-0.028426658,-0.024007432,0.038564194,0.05393307,-0.03920234,0.012506423,-0.029276263,0.021799166,-0.0040467144,-0.0054035042,-0.020347495,-0.019944634,-0.012175374,0.007933401,0.008166596,-0.0016085466,-0.026257882,-0.024688609,-0.030015724,0.038898505,0.07342047,-0.015544881,-0.004341682,-0.037960697,-0.008006094,-0.044322055,0.057892725,-0.029471362,-0.039309543,0.034800332,0.009000216,0.007107051,0.008882792,0.026675511,0.048898414,-0.032956462,-0.015260583,-0.0198557,0.043293085,-0.021154951,-0.020476976,-0.0009827027,-0.104218796,0.029473348,-0.008078042,-0.04217323,-0.034086943,0.035994723,-0.0049933684,0.021928757,-0.03025566,0.043533634,-0.008459174,-0.01818969,0.05398065,-0.029253712,0.027621605,-0.017212467,0.04413679,-0.017724637,0.014185595,-0.008222577,0.0200515,0.03961622,-0.045186866,-0.023050757,0.012428669,-0.024267167,0.0067576193,-0.033672813,-0.0012564535,-0.013620426,-0.020527704,-0.06789008,-0.017353145,-0.0006165488,0.067153424,0.038179275,0.024794267,-0.034162078,-0.005891646,0.014021926,-0.052482918,-0.027393702,0.006698159,0.06430033,0.011108976,0.020025615,0.057860702,0.031996273,0.056462094,-0.060940728,-0.00431309,-0.017818747,0.029456688,-0.03172828,0.034551445,-0.03571557,-0.027582908,0.006990432,0.03918952,-0.027695186,-0.028318644,-0.009924262,0.027005164,-0.0072487616,-0.024581913,-0.024138141,-0.0053831637,0.037298523,-0.03376079,-0.07864044,-0.0041968874,0.010378905,-0.017063636,0.0034522226,0.014275842,0.0019612506,0.023970582,-0.03827498,0.0018017766,-0.0064339982,0.041370094,0.07474871,-0.05862494,0.034069087,0.012476583,0.0057340004,-0.023239808,0.07804369,0.00059329177,-0.035035897,0.004470201,0.024890726,0.014611572,0.003767904,-0.079712,-0.038940635,-0.015568831,-0.0014939212,0.041217957,-0.01382127,0.053391367,-0.062407646,-0.04120281,0.0057136393,-0.039985668,-0.039121147,-0.011654901,0.00096434157,0.015239146,0.06996407,0.00027257888,0.06993205,-0.035680152,0.037150167,0.0370786,-0.0381128,0.0064013083,0.0026253837,0.034783535,-0.009733353,-0.064338244,0.040380444,-0.001927581,0.024763932,0.014916695,0.04544876,0.010687127,0.005996335,0.00088953617,-0.046225768,0.0019702958,0.07690643,-0.031758875,-0.015861414,0.03957627,0.0021508276,-0.032827806,-0.05266934,0.00019184007,0.056308735,0.03000644,0.030015483,-0.02669572,0.010338384,0.036996476,-0.018200373,0.07493079,-0.007060993,-0.019261818,0.04080343,-0.020505205,-0.010212754,-0.04023964,0.03366264,0.028289514,0.033503782,0.04251171,-0.006293475,-0.009605596,-0.018831132,0.018549565,-0.0349911,-0.017530307,0.0147781875,-0.023746194,0.0024717168,-0.03613852,-0.009674672,-0.00051412795,0.050873518,0.05451243,-0.056864213,-0.004969335,-0.020050384,-0.014502891,-0.00011739722,-0.027699595,0.01879152,0.038958386,-0.0040667546,-0.006488887,-0.0438216,-0.0036077932,-0.018658249,-0.07723242,0.016508898,0.057159755,-0.024348844,-0.043107066,-0.015870163,-0.024100728,0.040857356,0.042057797,0.0021914283,0.026865914,0.10031814,0.013118325,0.025747819,0.029796809,-0.034520973,0.047592517,0.017114472,-0.024439631,0.014699953,0.013421169,-0.020997284,0.011272832,0.008468781,-0.0044558924,-0.02176691,0.020559413,0.05375106,0.025759812,0.008628072,-0.094404116,-0.03443427,0.0096349325,0.03910758,0.0132700885,-0.000460989,0.047303542,0.0403567,0.028104708,0.019795194,0.016537877,-0.03317192,-0.05812737,-0.0019243937,0.037590835,-0.055209897,-0.03575011,0.01051147,0.0077345427,-0.048336413,0.060153488,-0.0109116,0.08575909,0.014243618,-0.040090077,-0.03980785,-0.039925575,-0.05303431,0.0075377678,0.056620408,-0.03010333,-0.061691385,0.05709229,-0.024083793,0.02552638,0.023742158,-0.0028381227,-0.007822436,0.011106727,0.049417313,0.028979192,-0.055377703,-0.018965075,0.008986933,0.034983724,0.018764837,0.03335832,0.0046983194,-0.0065108514,0.050102048,0.012379693,0.004616276,0.028665062,-0.061865237,0.0036966165,0.016484903,0.036738966,-0.009474968,-0.073748626,-0.014213966,0.042918433,0.009401395,-0.035214946,-0.0011171367,0.0041755666,-0.07168833,-0.021470772,-0.100055434,0.04159668,0.02438252,-0.010650224,-0.0028197602,-0.02903296,0.015888432,0.04369821,-0.0041764784,0.02717599,-0.010734916,0.032247186,-0.0442952,0.027286787,0.038137365,0.077716224,0.040655937,0.0208496,-0.0006824436,0.00967368,0.028316962,0.0043723173,-0.03005751,-0.00867819,-0.0522012,-0.046311174,0.026018312,-0.005252582,-0.004522193,0.03140412,-0.06540288,-0.059424445,-0.040893946,0.021737074,-0.0041703554,-0.030430231,0.0517823,0.012633404,-0.0032605126,-0.04226673,-0.018215286,-0.0069071567,0.04392162,0.051749557,-0.012324691,-0.035070043,-0.00063244626,-0.0105545735,0.0146832345,0.0057986514,0.008101755,-0.026698725,0.00043568286,-0.026743082,0.036432598,0.0308437,0.019337445,0.100191146,0.030810922,-0.00079167844,0.00027614448,0.032074343,0.02299463,0.08001124,-0.021829586,0.0015418252,-0.036486406,0.019292556,-0.013132025,-0.011651256,0.03820614,0.063460685,-0.047538318,-0.026765423,-0.033186894,-0.039849445,0.049153052,-0.061525483,-0.022679592,0.017920783,-0.032141726,-0.04421118,-0.035323516,-0.052203,0.0038927163,0.032982,-0.04846577,0.030658796,0.067009054,-0.066234566,-0.03662359,0.016990142,0.04142762,-0.03295704,-0.025883062,0.012848567,0.021538699,-0.021772694,0.0015011023,0.015838666,0.007749216,0.015578618,-0.04271912,-0.029107695,0.01889362,-0.03675627,-0.015790911,0.023889981,-0.013515316,0.039383195,0.007908769,0.001711235,-0.020509511,0.01843028,0.014269598,-0.0804703,-0.013413477,0.06230724,0.014669485,-0.0036482746,-0.023693189,0.026778344,0.028942294,0.015393564,-0.029177932,-0.014720466,0.04785235,-0.024659306,0.018880138,0.014866083,-0.037940312,-0.0030286703,-0.03221146,0.03309038,-0.017432457,-0.06224621,0.016477155,0.013341852,-0.022590663,0.009290925,0.06512125,-0.015400811,0.037677974,-0.016027516,-0.080626704,0.013843512,-0.050685428,-0.04613379,0.030419858,0.05192553,-0.011462582,-0.008116651,0.064036906,-0.03767815,0.017288085,-0.013075091,-0.032419443,0.02515047,0.0016299878,0.029746275,-0.023361601,-0.0147301555,0.03723815,-0.005118872,0.03637019,-0.031047622,-0.026302174,-0.009218486,0.058986265,0.010355542,0.006793686,0.061057445,-0.052352108,0.0406447,0.0008406269,-0.025367685,-0.031479996,-0.0034737117,-0.06869977,0.06314878,-0.04115995,0.07936066,-0.01946915,-0.024150224,-0.045141134,-0.036714513,0.049592346,-0.0014317968,0.013440419,-0.091545425,-0.05593374,-0.018247833,0.042713948,0.008164021,-0.050378494,-0.04362437,-0.004298296,0.0120216,0.017675545,0.027691532,0.019888232,0.08931574,-0.027660253,0.032907788,-0.010020575,0.051239178,-0.03131982,0.07767542,0.049363773,-0.011185074,0.024135815,0.0192743,-0.0087653315,0.014302524,-0.113100365,-0.09177693,-0.045843013,-0.013903866,-0.003358271,-0.005782742,0.0197045,-0.012499268,-0.026975226,-0.004648414,0.007974573,-0.07318894,-0.009893668,0.009187553,0.03868281,-0.019996792,-0.072745144,-0.022946805,-0.0066727176,0.016683763,-0.00870112,0.01969098,-0.02672027,-0.0031932702,0.0049494277,-0.009104686,0.024102246,-0.0026048645,-0.03786674,0.043441918,-0.064403616,-0.021880593,-0.059191987,0.005308247,-0.032764103,0.0051720776,-0.010560842,0.07706838,0.025842033,-0.00050603744,-0.029871302,-0.051921755,0.010681056,0.023305533,0.046401203,0.021079132,0.0005240663,0.0032936975,-0.03153794,0.020099722,0.010757591,-0.040365208,-0.05119704,-0.028067067,0.022903739,0.031339508,0.06529779,0.01274433,-0.016907262,0.016640408,-0.07094358,0.0061708554,-0.0013010484,0.03429919,0.011672396,-0.011874196,-0.029058984,-0.016198315,-0.0041253464,0.0117671415,-0.018546063,-0.015434436,0.050280914,0.033806384,-0.0031090903,-0.030039255,0.040014222,-0.0026412134,0.021864247,-0.038229357,-0.0099566365,-0.05458949,-0.039425187,-0.08073332,0.047963332,0.059191708,0.058219813,-0.04418343,0.007285161,-0.039655577,-0.02283468,0.031924598,0.022755949,0.0034792253,2.6745854e-05,-0.0022663402,0.02151646,-0.010881714,0.02324325,0.01620681,0.02165405,0.029759228,0.01006733,0.04505117,-0.011592455,0.032400478,0.001435155,0.0022312817,-0.060670204,-0.02858149,-0.047924235]'::public.vector);
